Job Title,AB_low,AB_med,AB_high,BC_low,BC_med,BC_high,MB_low,MB_med,MB_high,NB_low,NB_med,NB_high,NL_low,NL_med,NL_high,NT_low,NT_med,NT_high,NS_low,NS_med,NS_high,ON_low,ON_med,ON_high,PE_low,PE_med,PE_high,SK_low,SK_med,SK_high,YT_low,YT_med,YT_high,QC_low,QC_med,QC_high
Legislators,,,,30748,65769,144465,25061,53680,98750,24640,76008,142341,44335,96129,155370,48293,103029,168710,26638,89651,143890,30085,70271,147964,,,,24173,51518,142704,,,,27452,68237,129479
Senior government managers and officials,40.06,70.05,103.37,14.6,52.2,76.92,21.95,47.28,62.32,15,43.59,84.62,15,35.71,87.18,,,,15,43.59,84.62,28,55,93.41,15,43.59,84.62,17.54,38.46,81.25,,,,27.47,42.31,72.77
"Senior managers - financial, communications and other business services",30,68.4,97.44,31.25,64.1,96.15,,,,,,,19.85,42.95,76.92,,,,19.63,41.18,79.49,28.5,57.69,88.94,,,,32,57.44,86.05,,,,25.64,42.75,96.15
"Senior managers - health, education, social and community services and membership organizations",22.92,49.93,103.41,21.76,45.96,88,21.67,39.68,74.27,,,,22.35,41.9,81.91,,,,21.65,41.96,86.42,21.36,48.85,107.81,,,,26.57,47.08,101.39,,,,17.87,34.94,71.63
"Senior managers - trade, broadcasting and other services, n.e.c.",15,46.04,150.76,14.6,36.15,124.19,,,,11.7,28.91,84.51,,,,,,,12.55,35.91,111.11,14.25,46.92,172.82,,,,12.96,36.96,124.16,,,,19.25,36.06,82.96
"Senior managers - construction, transportation, production and utilities",27.61,58.48,106.9,14.6,49.32,154.74,13.07,46.24,140.4,14.73,34.95,81.68,,,,,,,12.55,48.82,147.86,14.25,51.15,161.54,,,,13.57,39.74,154.8,,,,13.1,35.88,121.97
Financial managers,32,52.46,88.94,25,44.23,67.31,22,45.67,65.87,26.44,44.1,57.69,26.44,43.48,72.12,30.39,54.11,75.11,28,46.7,61.54,26.32,49.04,71,25.35,38.46,66.67,35.1,52.88,72.31,,,,26.92,41.76,67.87
Human resources managers,33.65,55.29,79.33,24.04,43.27,74.52,21.15,42.86,62.5,31.32,43.27,72.12,28.85,44.97,72,,,,28.85,42.05,57.44,26.07,45.67,69.4,28.85,44.97,72,24.2,44.62,78.8,,,,25.71,50,76.92
Purchasing managers,27.5,55.29,86.54,20.19,40.43,64.9,23.17,37.66,70.61,20.57,34.54,70.09,25.08,42.73,97.27,,,,22.79,37.63,57.09,24.05,41.58,63.07,,,,20.41,45.24,70.53,,,,15.82,40.11,60.1
Other administrative services managers,19.73,42.43,99.06,25.64,35,50,18.71,34.99,68.14,23.36,33.11,57.69,23.36,33.11,57.69,,,,23.36,33.11,57.69,22,33.65,63.77,,,,19.65,37.58,68.77,,,,22.25,40,54.95
"Insurance, real estate and financial brokerage managers",23.08,54.44,96.15,20.51,43.27,80.13,32.69,46.15,63.69,,,,21.63,43.96,58.24,,,,21.63,43.96,58.24,27.24,49.52,75.32,,,,34.62,49.52,68.27,,,,32.97,46.7,74.36
"Banking, credit and other investment managers",24.04,48.08,84.13,24.04,41.54,54.57,30.77,41.54,67.99,20,35.9,46.7,24,40.87,50,,,,26.44,40.87,57.95,28.85,47.18,68.49,,,,30,45.94,72,,,,26.37,40.25,65.93
"Advertising, marketing and public relations managers",30.77,40.87,72.12,23.08,37.69,76.92,,,,,,,,,,,,,,,,24.48,43.27,70.19,,,,31.25,46.15,68.25,,,,23.39,38.46,60.44
Other business services managers,28.58,53.99,90.26,18.3,33.65,86.54,,,,16.83,37.5,55.29,,,,,,,16.83,38.46,55.29,21.67,35,60.1,16.83,37.5,55.29,,,,,,,24.73,36.4,72.12
Telecommunication carriers managers,28.85,37.5,41.03,24,37.44,57.44,,,,24.28,41.03,56.41,,,,,,,24.28,41.03,56.41,26,44.1,85.23,,,,35.18,54.52,64.1,,,,15,38.46,56.66
Postal and courier services managers,,,,14.6,28.76,46.74,,,,,,,,,,,,,,,,14.25,34.62,65.43,,,,,,,,,,13.1,35.55,52.37
Engineering managers,36.06,57.69,84,31.25,52.88,81.73,23.38,51.28,76.92,23,48.08,82.05,23,48.08,82.05,,,,23,48.08,82.05,30.05,51.28,75,22,48.7,60.1,40.87,60,80.77,,,,27.78,49,76.92
Architecture and science managers,20.85,57.69,101.92,28.85,44.62,69.71,,,,32,45,63.57,32,45,63.57,,,,32,45,63.57,34.52,49.04,67.31,,,,,,,,,,28.85,52.2,76.92
Computer and information systems managers,40.38,56.98,91.35,26.44,45.67,72.12,36.92,48.56,72.12,21.63,40.45,72.12,32.97,47.25,65,,,,33.65,41.54,72.12,33.65,51.28,70.19,18,42.46,50.76,37.5,51.92,75.05,,,,27.8,52.88,72.12
Managers in health care,28.85,51.55,78.37,19.89,45.19,59.5,23.82,45,62,21,43,54.87,25,48,57.69,,,,25,43.27,56.41,24.04,43.96,64.17,20,41.03,48,36.06,53,60.51,,,,22.86,43.27,61.94
Government managers - health and social policy development and program administration,23.3,55,69.55,31.34,43.83,57.2,,,,,,,,,,,,,,,,29.23,56.92,71.79,,,,38.46,49.74,69.71,,,,32.29,50.98,69.34
"Government managers - economic analysis, policy development and program administration",44.29,57.06,84.03,21.63,45.13,64.01,39.7,57.69,64.1,34.67,48.72,55.63,37.5,51.1,60.51,,,,37.5,51.1,67.18,28.85,53.85,66.67,,,,31.22,47.84,78.19,,,,28.56,49.25,69.59
Government managers - education policy development and program administration,,,,,,,,,,,,,,,,,,,,,,24.26,45.42,67.42,,,,,,,,,,23.93,41.01,61.73
Other managers in public administration,29.6,52.98,74.52,35.71,51.89,69.44,30,47.8,70,23,36.92,57.44,35.13,49.73,69.23,,,,14.96,42.31,58.72,36,54.87,69.23,,,,34.62,45.67,60.1,,,,34.48,54.87,71.79
Administrators - post-secondary education and vocational training,26.44,42.56,78.85,28.21,48.08,72.12,20.77,45,60.44,23.08,48.97,75.27,23.08,48.97,75.27,,,,23.08,48.97,75.27,29.5,53.85,76.82,,,,24.18,47.82,64.1,,,,38.46,54.95,68.71
School principals and administrators of elementary and secondary education,33.33,52.88,67.31,28.85,46.63,61.06,34.62,47.6,66.24,31.25,45.41,50.84,38.46,48.56,74.62,46.71,56.38,66.88,35.71,47.12,56.41,30.77,51.79,66.67,27.14,41.03,52.31,31.73,46.63,64.1,,,,33.57,46.15,59.13
"Managers in social, community and correctional services",20,42,62.5,21.15,33.33,57.69,22.56,33.65,57.68,16.83,28,48.21,18,28.5,50.1,25.5,47.79,78.89,17.94,26,50,23.08,38.46,57.69,21,28.5,41.03,20.77,30.29,57.69,26.28,32.58,41.72,20.6,31.25,50.94
Commissioned police officers,,,,,,,,,,,,,,,,,,,,,,31.05,63.11,86.54,,,,,,,,,,51.68,54.95,90.81
Fire chiefs and senior firefighting officers,27.81,57.7,74.95,34.5,57.87,79.55,,,,,,,,,,,,,,,,29.94,54.56,79.04,,,,,,,,,,27.29,45.92,68.68
Commissioned officers of the Canadian Forces,29.62,41.35,58.17,24.53,42.34,59.1,28.98,43.29,57.19,22.33,39.38,54.52,,,,,,,27.73,41.68,56.57,28.96,47.43,60.41,,,,21.13,28.21,53.47,,,,23.9,39.83,54.37
"Library, archive, museum and art gallery managers",19.23,34.85,60.95,14.86,31.01,59.13,,,,,,,,,,,,,18,28.57,51.28,17.39,38.75,58.06,,,,,,,,,,32.05,44,67.5
"Managers - publishing, motion pictures, broadcasting and performing arts",21.15,34.07,76.92,18.36,31.5,52.45,11.9,31.76,52.4,,,,,,,,,,,,,24.04,33.33,62.5,,,,,,,,,,16.03,33.05,61.54
"Recreation, sports and fitness program and service directors",15,29.94,56.49,,,,30.29,33.65,96.15,20,25.48,57.42,,,,,,,20,25.48,57.42,,,,20,25.48,57.42,17,33.65,55.29,,,,,,
Corporate sales managers,23.74,48.47,93.83,23.08,50.48,96.15,34.8,48.08,67.31,29.62,43.75,63.56,29.62,43.75,63.56,,,,29.62,43.75,63.56,23.08,44.62,69.23,29.62,43.75,63.56,23.49,45.78,78.95,,,,20,47.25,65.87
Retail and wholesale trade managers,18.65,36.92,64.18,17.31,29.33,58.65,16,29.81,60.1,15.5,27.5,48.08,17.92,26.5,46.15,13.46,32.84,65.63,13,28.85,52.88,16.83,36.06,67.31,15.71,26.67,45.67,18,34.62,57.69,13.71,25.01,66.4,16,30.98,57.69
Restaurant and food service managers,16,21.63,38.46,15,25,38.46,12.55,15.87,31.03,13,20,30.5,12.15,19.06,44.87,,,,13.25,15,27.03,15,20.67,48.08,14,17.5,40,14.5,19.5,34.62,,,,14,20.19,36.4
Accommodation service managers,17.31,27.88,80.77,15.38,28.85,60.17,12.98,31,63.58,,,,17,27,47.01,,,,,,,18,28,61.54,,,,17.69,27.24,43.41,,,,,,
"Managers in customer and personal services, n.e.c.",18,33.65,62.5,14.6,23.2,43.75,16,24.04,44.71,16,28.45,57.69,16,28.45,57.69,,,,,,,17,33.65,62.5,,,,11.45,22.29,42.79,,,,15,25,47.5
Construction managers,26.92,43.71,63.46,22.5,40.6,62.5,,,,19.23,31.25,53.45,27,38.46,62.5,,,,20,34.19,55.29,25,41.03,68,,,,28,40.87,65.81,,,,23,36,62.5
Home building and renovation managers,15,27.28,55.88,15,21.5,30,11.9,18.95,36.55,11.7,19.86,39.77,,,,,,,,,,14.5,20,30,,,,,,,,,,16,21,30
Facility operation and maintenance managers,23.75,41.69,66.67,20,33.08,53.85,16,33.46,48.72,21,36,60.1,21,35.77,57.69,,,,28.85,36.5,43.59,19,32.31,53.85,21.23,36,57.69,22,38.46,67.69,,,,24.48,38.46,54.95
Managers in transportation,20,44.23,64.9,28.85,38.46,62.5,25,38.46,62.5,21.7,37.5,61.54,25.64,30,49.45,,,,21.7,37.5,61.54,25.48,38.46,69.51,21.7,37.5,61.54,25.82,40.87,95.38,,,,27,45.67,65.38
Managers in natural resources production and fishing,33.65,67.5,96.15,30.61,51.08,87.5,,,,,,,26.22,41.35,76.92,,,,,,,29,51.11,72.12,,,,37.8,58,71.63,,,,17.06,47.91,108.35
Managers in agriculture,18.46,20,30,,,,16.25,22,38.98,14.77,17,24.79,,,,,,,13.36,20,45.05,14.25,24,96.15,13.36,20,45.05,13,26,35,,,,13.1,17.5,43.27
Managers in horticulture,22,26.83,38.98,14.6,15.61,25,,,,,,,,,,,,,,,,14.25,17.55,27.11,,,,,,,,,,19.45,21.63,26.92
Managers in aquaculture,,,,14.6,31.58,47.13,,,,,,,,,,,,,,,,,,,,,,,,,,,,,,
Manufacturing managers,26.44,48.08,72.12,21.63,38.46,67.31,23,34.62,61,25,43.27,60.1,22.44,32.5,69.71,,,,25.48,38.46,54.95,26.92,43.27,67.31,18,31,57.69,30,45.67,72.12,,,,22,39.45,65.93
Utilities managers,37,64.9,81.73,45.54,61.3,75.45,26.8,51.15,91.82,27.18,45.67,78,,,,,,,27.18,38.46,78,43.27,64.9,84.13,,,,28.85,69.93,91.35,,,,18.72,46.92,70.93
Financial auditors and accountants,22.05,41.21,67.31,18.75,28.85,45.67,19.99,30.53,54.4,19.23,30.74,52.31,19.23,31.25,48.08,27.43,51.37,90.98,21.37,35.06,53.85,22.5,35.71,60.51,16.35,30.26,48.08,20.51,36.92,57.69,,,,20.51,33.65,53.96
Financial and investment analysts,28.85,45.49,66.35,26.41,38.46,57.69,23.9,32.97,58.97,18.13,30.77,58.33,,,,,,,20.51,26.67,41.03,22.36,35.38,53.33,17.09,29,39.62,28.82,42.07,61.54,,,,23.59,32.97,52.82
"Securities agents, investment dealers and brokers",25.64,46.15,61.19,,,,,,,,,,,,,,,,,,,20.67,29.74,56.92,,,,27.57,38.46,52.88,,,,21.37,28.75,45.05
Other financial officers,23.08,40.87,61.78,19.23,35.35,54.95,19,31.19,48.72,16.83,25.96,43.27,23.08,29.23,75,,,,20,26.44,48.08,21.03,32.05,57.69,17.44,25,46.15,20.19,33.33,51.28,,,,20,29,50.73
Human resources professionals,25.97,43.59,61.54,21,37.76,55,20,31.25,49.01,21.33,30.77,47.36,14,28.85,51.28,,,,19.23,33.05,44.1,19.5,35.9,55.47,21,33.65,51.28,24.72,38.46,55.29,,,,22,35,53.85
Professional occupations in business management consulting,27.5,44.23,65,23.08,36.06,56.25,22.12,34.62,51.7,21.33,32,43.08,28.21,35,45.67,,,,21.79,34.62,53.85,20,38.46,61.54,17.95,30.77,42.5,20,39.42,51.29,,,,20.67,32.97,51.28
"Professional occupations in advertising, marketing and public relations",19,31.25,57.69,17.31,28.57,46,15.45,28.49,48.08,15,25.64,41.83,13.13,26.15,43.96,,,,16,27.18,46.7,17,31.25,52.88,16,27.18,46.7,15,31.49,45.67,,,,19,31.25,49.23
"Supervisors, general office and administrative support workers",21.75,30.79,46.63,19.23,35.71,44.99,17,28.72,37.95,20,28,34.25,21.52,32,38.97,,,,19.23,26,48.08,16,25.92,46.15,15.85,31,36.92,16.5,28.25,48.08,,,,18.67,26.6,37.02
"Supervisors, finance and insurance office workers",21.63,36.78,51.87,17.09,26.44,40.87,16.25,28.95,43.51,18,25.71,38,15,29.74,42,,,,15.5,24.73,36.56,19.25,31.79,51.92,17.5,28.21,35.9,18,30.61,50,,,,17,27.88,45
"Supervisors, library, correspondence and related information workers",,,,,,,,,,,,,,,,,,,,,,16.5,30.17,50.02,,,,,,,,,,14.48,25.09,42.1
"Supervisors, mail and message distribution occupations",17.63,28.76,42.1,18.76,30.7,42.64,18,24.14,45.64,17.79,25.25,33,15,25.86,28,,,,17.86,25.62,37.5,18.36,28.1,33.64,25,26,35,20,25.4,33.5,,,,17.98,25,33
"Supervisors, supply chain, tracking and scheduling co-ordination occupations",18,28.41,45,17,24.04,40.38,15,23.45,36.06,15.38,21.63,33.65,16.4,23.63,35,,,,15,23,41.35,16.1,25,37.9,16,23.59,31.25,17.31,25.38,38.46,,,,15,22.6,45.44
Administrative officers,18.5,27,44.71,16,25,37.5,15,22.53,36,14.94,20.3,34.44,17,24,37.09,21,30.08,41.38,14.42,21,34.33,16,25,39.42,14,21,31,16,23.75,39.42,21.11,28.9,41.05,18.99,26,38.46
Executive assistants,17,29.81,43.27,20.67,27,40.87,16.35,25,36.81,16.2,25,37.5,14,24.04,26.37,,,,20.53,28.85,37.64,20,29.67,40,19.65,29.56,42.56,24,30.57,40.84,,,,19,29,42.86
Human resources and recruitment officers,20,31.25,56,18,28.85,43.27,13,24.28,38.46,17,24.04,50,15,25.53,49.04,,,,14.5,23.59,38.46,18,28.85,41,15.5,24.04,43.79,20.67,29.23,44.71,25.39,27.87,43.14,17,28,40
Property administrators,18,28.85,51.28,14.6,22.95,38.71,14.8,23.54,39.84,11.7,24.89,38.46,20,27,38.46,26.81,44.52,63.57,12.55,24.04,38.46,15,24.04,40.11,,,,13.66,23.08,39.2,,,,17.5,25,36.4
Purchasing agents and officers,21,36.06,56.41,22.6,29.23,49.52,17,29,40.51,16.45,25.33,45.48,15,30,47.6,25.22,47.97,59.49,19.23,26,45.67,18.13,30,46.15,15.38,24.4,37,20.19,32.21,47.12,,,,18,28.72,47.36
Conference and event planners,15.25,21.63,40.38,17,26,36.92,13.5,28.85,32.05,12.5,22,30,12.43,23.63,36,,,,12.55,21,29.12,15.16,24.52,35,,,,17.04,29,42.31,,,,17,20.88,36.81
Court officers and justices of the peace,27.2,37.55,54.07,24.1,28,41.21,,,,,,,18.46,27.62,46,,,,18.46,27.62,46,17.79,34.01,46.15,,,,,,,,,,21,28.21,45
"Employment insurance, immigration, border services and revenue officers",22.89,29.64,46.67,23,30,42.05,22,29.23,38.46,24.52,30.77,44.1,25,30.26,38.33,,,,21.63,30,41.35,24,32.5,46.15,21,29,39.87,25.64,33.85,44.62,,,,20,29.4,42
Administrative assistants,17.31,25.55,35.16,15.5,22.05,31.79,14,21.78,31.45,14,20,29,14.95,23.32,32,20,28.76,38.08,14,21,27.95,15,23.08,33.8,15,23,29.23,15.94,22.53,32.05,20,27.88,33.78,15,21.87,30
Legal administrative assistants,19,26.92,39.88,16.83,23.08,35.16,15,20,32.97,14.77,19.23,30,15,21.43,28.13,,,,15,20,24,15,22,35.71,14.77,20,28.13,17.6,24,33,,,,17,23,34.86
Medical administrative assistants,18.75,25.98,33.33,17,23,34.62,16,21.05,26.67,16.23,21.7,25.03,13.19,23,26.47,,,,14.9,20.51,23.84,15.38,22,32,16,22.83,24.85,18,21.98,32.97,,,,16,20.89,25
"Court reporters, medical transcriptionists and related occupations",23.52,33.17,34.3,15,22,29.89,17,21.07,24,11.7,26.44,29,,,,,,,18,22,28.4,14.25,21,27.6,12.85,22,28.6,20.54,23,28,,,,13.86,22.02,29.07
Health information management occupations,25.86,37.29,49.89,21.35,32.04,44.37,,,,,,,,,,,,,,,,21.9,27.41,33,,,,20,26.8,38,,,,18.51,27.11,32.16
Records management technicians,19.63,27.66,60.61,18.15,24.18,33.75,,,,19,28.8,33,19,28.8,33,,,,19,28.8,33,16.83,30,39.06,,,,,,,,,,20,25,31
Statistical officers and related research support occupations,15.88,31.22,69.63,16.89,27.5,42.55,,,,,,,,,,,,,,,,19.66,29.61,43.12,,,,,,,,,,17.43,29.39,49.59
Accounting technicians and bookkeepers,17,25.48,42,15.38,24.4,36.54,14.5,21.25,34.41,13.39,20,30.22,15,23,35.9,24.5,42.82,62.36,12.55,20,26.88,15.25,23,37.98,14,19.23,28.21,16,24,36,,,,15,21.25,31.75
Insurance adjusters and claims examiners,22.42,32.06,57.44,21,30.77,44,17,24.8,42.38,14.15,23.56,38.46,,,,,,,17.5,28.21,38.46,19.36,30,45.56,16.41,26,41.03,20.51,31,43.27,,,,20,27.47,41
Insurance underwriters,21.42,27.94,41.89,20.19,32,46,18,26.67,37.5,18,23.56,40,17.23,23.08,38.19,,,,16.01,20,35,20.53,29.74,45.67,12.85,22,32.69,13.94,30,40.18,,,,20.93,29.23,45
"Assessors, valuators and appraisers",31.04,38.98,58.26,14.6,32.45,54.65,13.77,28.28,47.57,14.52,31.25,36.14,14,31.25,49.45,,,,14,31.8,49.45,25,35.71,47.18,,,,26,34.62,46.15,,,,13.1,21.75,37
"Customs, ship and other brokers",,,,14.6,24.32,48.35,,,,,,,,,,,,,,,,14.58,22.94,39.58,,,,,,,,,,14.74,24.87,43.42
General office support workers,15.38,24.99,37.02,15,22,32.82,13,20,29.34,11.75,18.95,27,13,22,28.75,19.49,29,37,13.57,20,27.4,14.25,20,30,13.39,22.52,26.67,15,22,30,18,25.5,33,13.1,20,27.92
Receptionists,15,20,28,14.6,19,25,12,16,22.04,12,17.95,25.13,12.15,19.27,23.34,16,22,31.25,12.98,17,22,14.25,17.79,25.26,12.85,17.52,23.34,13,18.5,24,16,21,30.07,13.1,17,23
Personnel clerks,19.03,27.88,49.32,17.5,23.9,29.1,14,22.76,31.25,21,25,29.23,,,,,,,17.31,25,29.23,16.35,24.4,27.69,,,,17.69,24.8,42.05,,,,19.89,26.67,33.67
Court clerks,24.59,30.98,34.06,22.52,26.17,29.92,,,,,,,,,,,,,,,,20,27,41,,,,,,,,,,,,
Data entry clerks,15,22,30,15,20,30,14,20,30.26,14.42,21,27.47,12.15,18.65,24.1,,,,13.75,18.65,25.64,14.25,20,31.25,14.53,20,24.1,14,21,25.96,,,,13.5,18.75,25.84
Desktop publishing operators and related occupations,15,25.38,37.02,15,38,58,,,,,,,,,,,,,,,,15,19.45,31.23,,,,,,,,,,14,19.62,26.81
Accounting and related clerks,16.85,24.04,35,17,23,30.77,15,21.12,28.92,14,19.81,29,15.5,21,30.39,20,29,37.96,14.13,20,28.4,15.5,21.63,33.33,14,22.29,30,15,22.36,31.25,20,28.95,38.06,15,20.6,30.22
Payroll clerks,19.23,27.42,39.42,17,25,35,17,24.04,33.38,16.5,25.13,32.75,16.43,24.04,32.21,,,,18,24.17,33.33,16.75,25,35.58,15,23,29,18,25.24,32.52,,,,17,26,34.14
"Banking, insurance and other financial clerks",17.86,27.02,33,15,23.08,32.82,13.5,19.62,28,14.42,23,30,,,,,,,14.25,19.49,23.08,15.38,20.51,29.75,12.85,17.95,24,16,23.5,30.22,,,,16,23,28.72
Collectors,15,25.55,34.25,16,24.3,30,13.43,20.78,30.31,12.5,17.5,26.76,13,23,32.31,,,,13,23,32.1,14.25,23,35.9,,,,22.62,26.25,32,,,,16,22,29.05
Library assistants and clerks,15,20.66,36,14.6,22.97,25.68,12.91,17.6,27,17.05,20.33,26.44,,,,,,,12.55,19.23,26,14.25,21.54,29.5,,,,12.79,15.5,27.27,,,,15.32,21,27
"Correspondence, publication and regulatory clerks",15,26.67,50,18,26.33,34.5,15.52,24,29.67,12.02,20,30,,,,,,,12.55,20.63,26.52,16.21,28.2,35,12.85,21,29.8,15,24.89,36.5,,,,16.5,25,35.9
Survey interviewers and statistical clerks,,,,14.6,19.6,35,11.9,19,33,13.25,15,27,,,,,,,12.55,17.36,23.16,14.25,20,32,,,,,,,,,,13.1,19.45,34
"Mail, postal and related workers",16.25,22.33,28,14.6,23.08,27.16,14,21,27,15,23,26,12.15,23.97,27,,,,12.55,22.81,28,14.5,22,27.59,16,23,26.87,13,22.84,26.87,,,,13.62,21,28
Letter carriers,20,26.58,38.46,20,23,27.23,19.86,26.5,27.17,17.44,25.24,27.05,16.35,23.32,37.5,,,,19.92,26.5,28.33,19.86,26,28.85,18,23,30,19.46,26,33.72,,,,19,26.6,28.85
"Couriers, messengers and door-to-door distributors",15,25.96,44.44,14.6,16,29.16,11.9,15.33,29.34,11.7,20,30,12.15,20,29.5,,,,12.55,19.64,29.79,14.25,15,28,,,,11.45,17.46,30,,,,13.1,17.5,22
Shippers and receivers,15,19.47,28,14.6,19.5,30.39,13.75,18,25.5,12,15.6,21.6,14.75,18,26.5,,,,12.55,16,28.74,14.25,18.11,25.62,12.85,17,25.48,13.81,19.71,28.9,,,,13.1,17,25
Storekeepers and partspersons,19,27.88,43.27,14.6,19.23,35,12.5,24.5,30.3,13.6,20,24.22,16.03,21.75,27.77,,,,14,21.75,35,14.75,19.86,32.47,14,21.75,35,17,22,31.25,,,,16,21.7,33.44
Production logistics co-ordinators,20.19,30.38,49.52,17,25,40,16,22,30.77,17.1,22.6,26,,,,,,,17.15,23.5,37.93,16.83,26.44,34.18,,,,20.19,23.17,33.65,,,,18.6,21.89,34.36
Purchasing and inventory control workers,15,22,32.97,14.6,20,28,13,19.23,25,12.5,16,23,12.15,16.61,26.44,,,,12.55,18.75,26.44,14.25,18,32.6,12.85,19.75,27.18,16,20.54,37.44,,,,13.1,17,26.67
Dispatchers,18,29,44.87,15,26,37.5,13,20.19,41.35,12,20,28,13,21,32,,,,12.55,19.9,28.85,14.25,23,36.34,12.85,20.81,27,15.83,23.07,34.6,,,,15.5,22.24,30.99
Transportation route and crew schedulers,19.23,26.44,42.03,,,,13.84,25,42.21,14,22.05,32,,,,,,,14,22.05,32,16,24.04,33,,,,,,,,,,19,23.5,34.62
Physicists and astronomers,,,,29.77,52.23,75.29,,,,,,,,,,,,,,,,25.83,52.3,81.88,,,,,,,,,,,,
Chemists,24.04,40.96,53.85,18,33.71,59.92,19.71,36.06,47.18,25.96,34.44,44.62,,,,,,,25.96,34.44,44.62,22.36,35.9,51.28,25.96,34.44,44.62,,,,,,,23,31.25,48.08
Geoscientists and oceanographers,28.85,42.07,72,30.53,52.4,64.9,23,43.97,51.23,,,,,,,,,,,,,30.77,44.62,64.1,,,,35.5,45.19,64.9,,,,21.79,39.66,86.81
Meteorologists and climatologists,23.81,48.48,57.82,,,,,,,,,,,,,,,,,,,31.06,45.23,58.13,,,,,,,,,,20.89,47.25,61.31
Other professional occupations in physical sciences,30.06,52.59,76.71,,,,,,,,,,,,,,,,,,,33.52,48.72,73.85,,,,,,,,,,,,
Biologists and related scientists,22.5,38.04,58.5,23.08,38.46,52.8,14,30.77,57.09,20,31.25,48.82,30.23,38,67.31,,,,18.96,37.33,56.41,26.71,41.03,60.36,20,35,56.41,27.4,37.36,76,,,,20,34.62,51.28
Forestry professionals,31.47,45.85,62.75,30.29,39.56,46.7,,,,16.54,33.65,72.82,,,,,,,16.54,33.65,72.82,23.31,39.03,58.25,,,,,,,,,,22.83,39.56,48.08
"Agricultural representatives, consultants and specialists",26.44,36.54,43.27,14.6,30.93,53.63,20,32.69,45.13,,,,,,,,,,,,,14.25,27.73,49.01,,,,22.15,31.73,52.88,,,,17,28.57,42.62
Civil engineers,28.85,47.34,72.12,30.22,44.23,64.42,28.85,40.72,61.06,23,41.83,63.25,27,43.27,55.29,,,,25.5,37.5,52,23.5,38.46,61,26.44,38.46,56.41,28,40.87,62.5,,,,25.24,40,60
Mechanical engineers,34,56.41,72.5,27.18,36.06,57.44,25.48,34.62,61,29.06,40.87,55.29,16.5,46.15,81.73,,,,24.64,40.87,69.74,24.04,38.46,58.24,20.15,30,53.33,27.88,37.5,58,,,,26.5,38.79,57.69
Electrical and electronics engineers,29.25,52,76.92,28.85,43.27,57.69,26.92,47.31,60,30,43,56,38.46,43.59,54.95,,,,23.08,35.1,52.82,24,45,65,,,,31.25,44.31,62.7,,,,26.44,45.13,67.03
Chemical engineers,30,57.69,80.13,27.34,48.88,82.32,,,,26.44,31.25,49.27,,,,,,,,,,21.63,32.69,51.28,,,,20,40.87,58.17,,,,27.47,40.87,55
Industrial and manufacturing engineers,24.5,41.45,68.51,22,32.67,46.91,27.4,38.22,48.98,27.4,37.98,57.26,,,,,,,26.92,32,69.23,22,36.06,57.69,,,,29.5,33.65,57.69,,,,32,41.59,62.5
Metallurgical and materials engineers,31.65,52.05,114.02,23.16,49.65,87.66,,,,,,,,,,,,,,,,29.47,47.46,76.42,,,,,,,,,,28.7,46.81,76.84
Mining engineers,,,,,,,,,,,,,,,,,,,,,,28.59,36.54,60.36,,,,38.46,57.69,80.29,,,,,,
Geological engineers,31.8,51.97,107.02,30.3,48.1,99.61,,,,,,,,,,,,,,,,24.71,43.76,86.6,,,,,,,,,,24.95,43.08,80.09
Petroleum engineers,31.25,58.97,84.13,,,,,,,,,,30.77,41.35,69.71,,,,,,,,,,,,,31.57,40.93,46.05,,,,,,
Aerospace engineers,,,,21.44,38.34,63.19,,,,,,,,,,,,,21,42.35,53.85,24.52,45.67,72.12,,,,,,,,,,28,41.35,63.46
Computer engineers (except software engineers and designers),28.85,46.85,80.77,26.32,40.49,59.26,20.95,42.56,46.15,19,31.25,53.3,19,31.25,53.3,,,,19,31.25,53.3,25,47.69,66.83,,,,38,38.4,40,,,,31.25,42.74,57.69
"Other professional engineers, n.e.c.",22.5,50,72.65,24.04,36.06,57.69,30.77,45,74.52,,,,22.89,35,54.87,,,,20,38.5,62.5,24.04,36.06,58.65,,,,32,38.46,60,,,,28,43.59,58.46
Architects,26.44,42.84,71.11,24.04,33.65,53.42,22.5,37.5,61.54,17,35,75.38,,,,,,,17,35,75.38,20.14,35.9,63.46,,,,,,,,,,24.04,35,57.69
Landscape architects,,,,14.6,32.19,63.48,,,,,,,,,,,,,,,,14.25,35.63,60.41,,,,,,,,,,13.1,28.11,54.03
Urban and land use planners,30,52.52,64.9,29.23,39.56,48.08,,,,,,,,,,,,,,,,20.51,39.49,59,,,,13.98,37.74,45.62,,,,21.23,37.19,56.85
Land surveyors,26.2,45.79,76.12,14.6,29,57.69,,,,,,,20.75,31.5,40.87,,,,20,28,51.79,18.87,30.89,51.37,,,,,,,,,,22,37.88,40.76
"Mathematicians, statisticians and actuaries",34.99,42.53,61.05,26.44,38.46,54.95,20.77,34.62,55.43,26.67,43.82,70.67,26.67,41.63,67.86,,,,26.67,41.63,67.86,30.22,45.13,78.13,,,,27.86,39.9,50.78,,,,25,40,70.88
Information systems analysts and consultants,27,43.3,68.38,24.04,38,51.28,22,40.1,56,23.38,37.5,51.28,26.44,36.06,62.5,,,,23,35,48.08,23.56,39,57.69,22.12,34.62,52,26.92,42.5,56.41,,,,24.04,39.56,54.95
Database analysts and data administrators,28.85,41.32,72.12,20.19,29.81,47.69,18.75,33.65,56.25,21.63,34.87,48.72,21.63,34.87,48.72,,,,18.27,33.2,58.52,19.25,35.9,56.41,,,,23.17,40.79,62.5,,,,18.32,30.77,50
Software engineers and designers,33.17,48.08,64.1,25,46.63,67.31,13.46,38.97,66.67,27.4,36.78,58,27.4,35.71,54.36,,,,27.88,37.08,51.28,29.81,46.15,67.31,27.4,35.71,54.36,20,36.06,59.63,,,,28.85,38.46,57.69
Computer programmers and interactive media developers,20.63,38.46,62.5,21.21,42,60.1,20,33.65,50.26,19.75,32.05,50.48,24.04,33.65,46.15,,,,20.25,33.65,49.74,22.78,38.46,57.69,17,32,41.03,24,36.33,47.6,,,,21,33.33,51.28
Web designers and developers,15,26.44,38.46,16,28.85,42.31,11.9,25.14,37.22,17.36,24,36.06,,,,,,,17.36,24,36.06,20,33.65,43.59,17.36,24,36.06,11.45,26.72,36.7,,,,17,28.85,45.67
Chemical technologists and technicians,17.5,27.88,52.76,17,24,35.06,16.76,25,41.49,16.83,24,33.78,,,,,,,15.42,22.92,39.2,16,25.96,45.67,14.43,21,33.78,17,24,43,,,,15,25,37.5
Geological and mineral technologists and technicians,20,33.65,69.6,19.8,32.9,43.96,18,36.02,51.44,15.08,27.69,30.21,20.77,32,61.54,,,,16.59,30.21,42.07,14.25,25.77,40.38,,,,20,37.5,53.85,22,25,35,17.92,31.73,58.97
Biological technologists and technicians,19.87,24,36.06,16.41,25,30.77,14.5,24.96,41.03,14,21.63,30.26,14.5,20,33.75,,,,14,21.63,30.26,14.4,22.95,36,17.38,23,30.26,16.5,28.95,42,,,,16.4,27.69,39
Agricultural and fish products inspectors,21.49,36.59,49.44,23.92,37.69,48.23,33,34.36,38.46,17.5,35.9,41.03,17.5,35.9,41.03,,,,17.5,35.9,41.03,16.69,34.05,47.68,,,,,,,,,,18.25,33.97,50.5
Forestry technologists and technicians,21,25,48,19.5,30,46.83,,,,17.5,25.64,52.56,,,,26.7,32.39,44.25,17.5,30,41.54,19.78,24.04,38.65,,,,,,,,,,20.77,27.71,32.69
Conservation and fishery officers,28,34.3,49.74,21.63,35,40,,,,22.61,29.32,42.03,25.53,34,44.36,,,,24,35.71,54.51,21.65,29,41.36,13,28.8,38.46,,,,,,,17.44,30.73,42.7
Landscape and horticulture technicians and specialists,18,24.04,65.87,14.6,21,32,16,23.4,34.62,,,,,,,,,,12.55,19,26.75,16,20,40,,,,15,22.5,35.67,,,,14,17.89,40
Civil engineering technologists and technicians,23,35,52,22,34,50,17.95,28.5,38.77,17.5,30,43.27,16.04,27,35,,,,21.5,29.74,41.59,20,30,43.27,,,,16,25.64,49.04,,,,18,29.23,46.5
Mechanical engineering technologists and technicians,21.63,39,56.84,22.72,32.21,42,20.5,36.54,57.69,,,,20.5,27.1,48.08,,,,19.42,31.25,41.03,20,30,49.04,,,,25.3,36.06,56,,,,18.5,28,44.1
Industrial engineering and manufacturing technologists and technicians,20,29.67,43.03,16,33.65,43.27,18.85,28.37,38.46,20.12,28.96,40.07,,,,,,,20.12,28.96,40.07,17.5,26.24,43.27,,,,,,,,,,16.83,25.64,41.83
Construction estimators,22,37.5,62.5,15,33.65,48.08,16.95,31.25,49.52,21,30.05,51.92,22,30,51.92,,,,21,30.05,51.92,20.19,32.21,48.08,,,,24,30,52.88,,,,18.42,25.18,44.47
Electrical and electronics engineering technologists and technicians,17.7,35,53,17.45,31.79,52,17.5,34.87,45.23,17.5,28.85,43.63,21.48,34.13,45.64,,,,17.5,28.85,43,19,31.48,53.85,17.5,28.85,43.63,24,38,46.4,,,,18,28.35,40
Electronic service technicians (household and business equipment),18.95,26.72,36.55,16.5,26.92,46.15,15,23.5,37.5,16,25,33.11,14.75,26.5,41,,,,15,25,41,16,24.79,38,13.35,22,35,15.5,22,38.16,,,,18,26,39
Industrial instrument technicians and mechanics,24.4,41,61.25,18.46,35,50.48,,,,21,36.65,66,,,,,,,21,36.65,66,23.8,35,50.85,,,,26.67,39,53,,,,25.64,35.91,52.97
"Aircraft instrument, electrical and avionics mechanics, technicians and inspectors",24.4,38.3,57.9,25,37.37,55.25,,,,,,,,,,,,,,,,14.3,36,48.08,,,,,,,,,,16,37,44.8
Architectural technologists and technicians,22,30.57,46.65,23,35,41.03,18,23.59,36.92,,,,,,,,,,,,,17,24,37.5,,,,12.53,26.87,45.12,,,,18.5,23.5,40.87
Industrial designers,31.5,35.92,49.01,14.6,30.62,59.05,17.25,22,39,,,,,,,,,,,,,19.23,31.25,51.92,,,,,,,,,,17.5,25,38.46
Drafting technologists and technicians,21.75,33.75,50,20,30,39,18,25,37.98,19,24.62,40,21,31.32,36,,,,18,28.85,38.46,18,27,45.05,,,,23.08,31.15,48.08,,,,16.67,24.73,35
Land survey technologists and technicians,20,30,43,16.87,29.91,45.64,,,,,,,,,,,,,19,26.5,36,14.7,25.54,40.39,,,,20,28,48.08,,,,15.58,24.29,39.75
Technical occupations in geomatics and meteorology,24.04,41.21,51,20,31.04,57.69,19.4,29.03,41.99,21.98,30.41,40.47,,,,,,,21.98,30.41,40.47,24.04,34.87,44,,,,24.24,35.24,48.97,,,,20.33,28,38.46
Non-destructive testers and inspection technicians,25,42,75,22.4,35.68,49,,,,18.1,30,50,25,36,58,,,,24.5,35.57,55,21.4,35,49.23,,,,18,33,48,,,,23,30,35.04
Engineering inspectors and regulatory officers,27.34,40,52,25.71,44,67.31,20.5,32,50.26,20,34.62,50.34,20,34.62,50.34,,,,20,34.62,50.34,25,34.87,47,,,,23,31.16,50,,,,19.37,36,43.27
Inspectors in public and environmental health and occupational health and safety,23.65,39.9,58,23.08,34.88,54.87,20,34.62,47.69,24.5,36.92,52.31,26.82,37.5,57.69,,,,18,33.33,43.27,19.67,35.1,50.61,20.35,34,46.15,25.4,37.69,55.29,,,,21,35.9,47
Construction inspectors,25,42,65,20,32,45,18,32.05,55.56,20,33.85,51.25,26,36,51.28,,,,20,35.16,38,18.75,35,50.55,,,,21,33.15,54.17,,,,24.33,32.05,43.18
"Air pilots, flight engineers and flying instructors",,,,,,,,,,,,,,,,,,,,,,,,,,,,,,,,,,,,
Air traffic controllers and related occupations,25.21,45.19,111.15,20.74,49.88,109.04,,,,,,,27,41.17,84,,,,,,,22,40.06,62.56,,,,,,,,,,19.28,43.63,105.49
"Deck officers, water transport",,,,23,38,50,,,,,,,17.95,36.06,57.23,,,,18.54,38.94,51.28,19,30.54,50,26.75,35.11,43.27,,,,,,,23.08,30.6,42.05
"Engineer officers, water transport",,,,25,37.63,56.49,,,,,,,24,31.5,51.28,,,,13.15,30,56.41,25,35,50.21,,,,,,,,,,17.68,32.85,49.23
Railway traffic controllers and marine traffic regulators,36.56,48.34,58.27,,,,,,,,,,,,,,,,,,,22.07,39.65,53.76,,,,,,,,,,,,
Computer network technicians,20,36.06,57.69,19.93,28.85,49.15,19.52,30,46.72,19.5,27.8,45,15,30,42.55,,,,17,30.77,42.56,18,32,49.45,14.5,28,41.54,20,38.73,52.88,,,,19.32,29.81,44.12
User support technicians,21,32.69,51.56,18.4,30.29,50,16,28.3,48.26,14.25,21.54,35.38,17,28.96,42.07,,,,13.5,23.08,41.03,16,30,50,13,18.01,40,18,31.25,51.92,,,,18,26.41,40
Information systems testing technicians,23.42,37.64,54.25,20,31.79,48.72,20.43,26.44,41.03,15,24.52,33.33,,,,,,,,,,20.51,35.38,43.59,,,,,,,,,,,,
Nursing co-ordinators and supervisors,27.76,45,53.21,21,39,50.17,23.82,44.5,53.2,18,42,47,16.55,42,54.4,,,,23,39.5,47.49,18,37.5,48.67,24.43,40,46.15,25,48.06,53.46,,,,26,40,52.2
Registered nurses and registered psychiatric nurses,28,44.9,50.59,25,40.02,46,29,40,45,23.24,39,43.25,29.71,40.02,45.7,38.44,55.74,72.57,24,38,42,23.5,36.15,47,26.5,38.95,42.44,35,44,48.5,33.77,45.28,61.41,23,35,44
Specialist physicians,,,,89954.2,250975.2,508374.3,114580,338520,662709.6,120516.75,289784.25,514133.25,126424.8,277903.2,579702.4,,,,135383.74,228636.32,431337.86,87882.9,256582.9,530314.4,115040.25,303549.75,566850,,,,,,,,,
General practitioners and family physicians,,,,66396.4,160631.1,301028,105635.2,253765.6,475912,78491.25,179037.75,324228,83488,187696.8,329843.2,,,,77081.36,183095.98,335617.38,81804.8,220283,408047.5,87275.25,226311,348667.5,,,,,,,,,
Dentists,31668,127890,344374,30748,104055,214663,,,,,,,,,,,,,27917,115050,166709,32418,114966,248306,,,,,,,,,,29334,121027,243253
Veterinarians,41090,96817,145253,35894,85140,141503,27001,86801,129322,,,,,,,,,,26430,73259,104357,30085,83697,148842,,,,24173,83911,131550,,,,40081,83200,130549
Optometrists,,,,30748,73717,135876,,,,,,,,,,,,,,,,30085,86806,179461,,,,,,,,,,31923,101485,175448
Chiropractors,31668,60494,121530,30748,53032,118501,,,,,,,,,,,,,,,,30085,58987,116267,,,,,,,,,,27452,67847,125267
Allied primary health practitioners,20,51.44,58.48,24.83,45.77,53.41,33.33,52.88,58,30,45.35,57.44,,,,,,,30,45.35,57.44,27,53.33,60,,,,56,58.69,59,,,,27.63,47.29,67.23
Other professional occupations in health diagnosing and treating,,,,30748,55235,105319,,,,,,,,,,,,,,,,30085,54304,116368,,,,,,,,,,27452,41035,82852
Pharmacists,60529,111536,138040,68708,98725,127387,75699,110436,141059,75256,98894,135958,72744,97557,130905,,,,64830,93743,123079,40188,101646,143978,,,,72847,109108,145484,,,,63924,112199,161891
Dietitians and nutritionists,22.3,45.42,50.33,23.85,33,42.73,24,35,49,18.39,33.33,40.15,,,,,,,22.56,33,38,25,36.5,44,,,,25,39,41.43,,,,13.1,33.05,42.65
Audiologists and speech-language pathologists,23.5,47.58,55,33,40.38,52,32,43.27,54.35,32.97,42.6,48.9,32.97,42.6,48.9,,,,32.97,42.6,48.9,22.44,37.76,49.1,37,43,51.5,23.13,49.45,60.44,,,,22.15,33.9,55
Physiotherapists,34,44.68,61.54,34,40.38,48.08,26.25,38,44.3,22,36.38,38,25.96,36.38,45.1,,,,22,34.87,43,28.51,40.51,46,33.14,38.46,45.1,33,43,47.67,,,,24,36,49
Occupational therapists,33.78,43.27,55.38,27,40,45.19,31.25,37.44,42.07,11.7,33,42,40,45,50.2,,,,29.67,38,40,23.5,43.08,51.78,24.05,35,41.33,28.85,38.43,45,,,,29.81,36.7,46
Other professional occupations in therapy and assessment,18,29,48.2,18,25.03,41,,,,,,,,,,,,,,,,17.5,23.9,45,,,,20.45,30,40,,,,16,21,36.5
Medical laboratory technologists,28.7,43,50,23.41,35.23,45,18.6,34.6,42,21.4,33,40,27,34.97,44,,,,24,33,38.5,27.4,38.5,42,27.95,35,41.03,23.64,36,45,,,,22.49,31,33.75
Medical laboratory technicians and pathologists' assistants,23,28,45,22,24,34,16,26.32,33.77,15,22.15,33,21,28.94,35,,,,12.55,23.95,34.34,18,27.4,41,19,23.69,38,20,24,45.82,,,,16.83,24,33.6
Animal health technologists and veterinary technicians,15,23,26,14.6,18.35,25.3,13,18.03,38,11.7,15,23,13.88,16.15,21.24,,,,12.55,16,20.88,14.25,19,23,14,18.5,25.64,17,18.5,35,,,,13.1,18,28
"Respiratory therapists, clinical perfusionists and cardiopulmonary technologists",31.25,45.75,50.64,23.1,35.44,51.08,23,38.38,53,25.96,31.8,33.33,,,,,,,25,31,37,25,40,45,,,,31.84,39,40,,,,23.13,32.4,38
Medical radiation technologists,30,41.75,48,28,34,45,30,36.2,44,29.85,32.36,40,28,40,45,,,,28,34.95,45,25,37.93,45,26,34.95,41.21,30,36.63,41.97,,,,23,32,35
Medical sonographers,20.25,48,51.23,35.13,38.7,40,35,42,56.92,33.62,39.59,44,,,,,,,33.62,39.59,44,25,36.8,44,,,,45,47.03,49.39,,,,,,
"Cardiology technologists and electrophysiological diagnostic technologists, n.e.c.",27.56,35.83,57.6,27.51,33.64,37.04,,,,26,28.94,33.8,,,,,,,26,27.9,29.77,19.5,25,35,,,,,,,,,,,,
Other medical technologists and technicians (except dental health),15.64,23,32,14.6,19.8,27.8,13,18,25,12,17,28,12.15,16.5,25.84,,,,12.55,16.25,25,15,21,33,12.85,15.45,23.9,13,18,31.2,,,,13.1,16.35,24.13
Denturists,,,,,,,,,,,,,,,,,,,,,,30085,44325,94488,,,,,,,,,,27452,49967,112593
Dental hygienists and dental therapists,33.55,53,60,24.69,43,48,37,42,48,19.83,30.5,39.14,,,,,,,30,33.5,38,24,36.5,42,21.33,34.5,36.65,37,41,51.82,,,,23.38,30.5,35.5
"Dental technologists, technicians and laboratory assistants",17.6,25.81,38.92,14.6,23.6,41.61,14.9,19.23,30.15,,,,,,,,,,13.5,20,33,16.5,22.75,35,,,,,,,,,,16,22,26.53
Opticians,22,25,40.87,16,20,25,,,,15.5,25,28,15.5,25,28,,,,16,25,28,17,28,34.5,,,,17,27.4,38.53,,,,13.1,24,30
Practitioners of natural healing,,,,17.31,28.85,48.08,,,,,,,,,,,,,,,,,,,,,,,,,,,,,,
Licensed practical nurses,25,30,34.95,24.24,28,31.15,21.75,32,36.25,21,24.65,26.5,23,27.25,29.33,,,,21.75,25.13,26.89,21,27,31,21,25.6,26.86,29,36,37.14,,,,18.5,25.18,29.7
Paramedical occupations,24.72,34,48.08,19,28.8,43,21.67,33.8,43,23.89,25.72,29.9,18.5,24,29.99,,,,22,25.63,36.06,26,37.91,44,17,28,38.41,18,30,42,,,,24,29,35.24
Massage therapists,17.5,27,50,15,20,50,,,,,,,,,,,,,,,,20,23.08,42.7,,,,,,,,,,17.5,25,33.94
Other technical occupations in therapy and assessment,16,23,29.23,15,24.55,26,,,,,,,12.15,27,35.9,,,,12.55,22.5,25,14.25,18,28.85,,,,18,25,30,,,,16,24.88,32.69
Dental assistants,20,29,37,20,26,33,19,23,30,16.25,20,24.5,16.25,18.75,28,,,,19.05,21.75,25.96,16.15,22.8,29.7,16,20,26.8,23,27.5,36.5,,,,15,20,28.02
"Nurse aides, orderlies and patient service associates",17,21,27,18,22,25,14,19.5,22,12.5,17,22.69,13,17,24,14.93,37.64,44.6,15.54,17.97,21.6,16,20.67,27.5,14,21,25.36,15.82,22.37,24,26.14,30,33.78,13.5,20.25,22.35
Other assisting occupations in support of health services,16,21.75,26,14.6,19.8,24.85,14,19.37,23,14.5,19.5,28,14.4,19.99,27,,,,13.5,21,25,14.25,18,27.25,13.25,20.06,26.58,13.8,20.83,28,,,,13.25,20,27
University professors and lecturers,22,48.08,75,23.12,44.87,72.12,21,44.23,71.79,18.75,43.13,67.04,18.03,43.13,69.23,,,,17.42,40,62.5,21.98,52.5,82.41,25,44.87,81.73,22.44,51.82,81.73,,,,20.51,48.08,75
Post-secondary teaching and research assistants,15,25,44.51,14.6,22,46.15,11.9,20,39.74,11.7,17.79,40.87,12.86,23.4,42.35,,,,13,22.68,39.64,14.25,24.04,45,12.85,18.9,36,12.02,20,39.89,,,,13.19,24,38.46
College and other vocational instructors,20,41.03,60,16.83,38.46,67.69,20,35,47.18,20,31.08,39.73,14.5,34.36,51.33,23.98,57.71,72.7,20,37.91,49.45,15.2,33.65,60.1,19,33.61,48.08,20.58,38.46,51,,,,20.71,41.25,52
Secondary school teachers,28.85,41.03,52.88,25.29,37.5,51.1,19.23,40,50.75,25,36.06,41.03,31.25,44.23,70.77,29.46,45.01,61.27,17.58,39.42,49.11,25,45.19,56.56,25,38.46,43.59,25.96,38.46,51.65,31.5,47.63,51.7,25.64,40.21,49.88
Elementary school and kindergarten teachers,22.5,40.38,52.45,23.45,35.83,51.28,22.24,37.5,50.55,22.5,35.14,41.83,26.92,42,58.24,24.41,50.68,67.88,20.51,36.06,45.6,22,40.87,53.85,20,38,43.59,24.79,37.39,49.45,18.41,44.12,51.07,22.6,37.36,48.08
Educational counsellors,18.27,32.42,52.4,25,36.26,48.08,21.63,36,51.68,20,33.65,45.41,21.6,37.98,50.55,,,,18,37.98,52.63,14.25,34.76,53.85,25.43,39.49,43.59,21.92,34.62,53.85,,,,30,41.21,45.05
Judges,293991,293991,314100,270000,270000,314100,269311,314100,314100,252240,314100,314100,223100,314100,314100,,,,238513,314100,314100,306476,314100,314100,264839,314100,344400,299792,307077,314100,,,,254518,254518,314100
Lawyers and Quebec notaries,46078,140808,423922,37400,115621,242117,45823,109179,198651,30259,79485,140372,55248,131203,279002,,,,35224,104920,167952,44491,131654,357035,27062,89419,144905,24173,119587,190371,,,,27452,89666,208176
Psychologists,20,46.67,66.63,32.21,44.15,65,27.35,35.9,52.88,15.3,36.5,46.15,,,,,,,17,41.35,56.41,19.8,43.24,68.68,,,,29.05,49.74,62.64,,,,24.04,45,50.55
Social workers,21.63,36.06,48.52,22.7,35.16,44,18,33,44,20.17,33,40,32.06,38.5,48,,,,22.15,32.97,44.5,20.63,33.75,46.1,26,32.88,40,23,32,43,,,,21,32,45
"Family, marriage and other related counsellors",21.32,36.15,53,18,28,42.73,20,32,43,14.8,21.49,38.46,16.5,27.82,42,,,,17,22,38.97,20,28.85,42.07,18.59,31,45,19.5,29.7,40.66,,,,21.03,33,44.12
Professional occupations in religion,16.83,25.24,40.38,14.6,25.64,37.5,13.46,21.1,33.78,11.7,19.38,30.16,15,21,34.07,,,,15,24.04,33.65,15.63,25.96,38.46,12.85,20.19,35.75,14.31,25.35,38.46,,,,15.38,19.23,42.02
Probation and parole officers and related occupations,19.48,42.91,46.78,29.57,38,44.87,18.45,40,48.08,23,34.25,46.15,,,,,,,23,34.25,46.15,27.2,37.98,43.41,,,,29,36.16,46.15,,,,24.54,34.33,43.3
Employment counsellors,20,27.56,46.15,21.63,25.5,31,16.45,22.12,27,19.23,26,37,18.57,25.4,34.91,,,,20,22,32.97,18,27,40,18,25.78,31,21,28.22,36.41,,,,20,23.24,31.08
"Natural and applied science policy researchers, consultants and program officers",26,36.06,62,19,38,62.25,21.75,30,47,21,38.46,51.65,22.05,47,67.63,36.33,54.3,72.73,19.23,36,46.15,22,41.03,60.44,21,38.46,51.65,25.48,33.65,52.88,,,,19.72,38.88,52.4
Economists and economic policy researchers and analysts,38,48.08,74.36,20.14,38.78,60.56,20.63,35.03,68.88,28.21,36.25,63.08,,,,,,,28.21,36.25,63.08,28.85,45.05,68.27,,,,24.12,42.09,69.94,,,,29.22,48,61.54
Business development officers and marketing researchers and consultants,30,50,87.18,24.04,36.92,66.67,28.85,40,55.77,24.04,35.9,53.34,18.7,35.73,54.35,,,,12.55,28.85,49.23,17.5,33.65,60.44,14,31.79,50.55,19.42,33.59,62.5,,,,19.52,28.72,48.35
"Social policy researchers, consultants and program officers",20.51,45.67,53.19,18,30,46.7,20.91,36.54,53.01,19.23,30,42.56,21.63,39.69,45,,,,20.43,33.33,46.15,21.54,35.9,53.01,23.08,36.92,45.19,20,33,50.96,,,,19.23,36.28,52.82
"Health policy researchers, consultants and program officers",25.84,47.95,60.44,15,35,52.44,23,36,48,22.56,39.29,46,22,38.46,48.9,,,,26.67,33.94,47.8,19,37.26,54.87,29.23,39.49,50.77,21.63,42,53.85,,,,20,35,51.8
"Education policy researchers, consultants and program officers",19.62,36.92,54,18,33.69,50.26,23,36.09,48.35,23,33.65,47.68,28.21,38.46,51.44,,,,15.71,29.6,56.87,22,36.06,52.88,22.5,41.03,48.72,21.03,37.5,51.03,,,,21,38.46,60
"Recreation, sports and fitness policy researchers, consultants and program officers",15,29.41,44.33,22,29.23,37,18.5,22.35,65,15.99,19.93,31.78,,,,,,,14,21,35,15,25.71,51.03,,,,21.06,27,33.07,,,,15,24.13,42
Program officers unique to government,25.52,41.17,66.52,28,38.75,48.08,20.43,33.9,46.63,23.43,34.84,47.58,,,,,,,23.2,38.88,55.31,30,46.25,61.54,,,,23.62,37.48,58.61,,,,18.83,32.97,52.31
"Other professional occupations in social science, n.e.c.",30.84,41.18,55.02,17.75,31.09,52.13,,,,,,,,,,,,,,,,21,35.9,61.03,,,,,,,,,,13.75,30.2,47.83
Paralegal and related occupations,25.09,35.71,50,18,28.85,47,13,21.63,29.96,14.5,21.98,27,17.95,19.95,25.64,,,,16.5,21.98,31.87,17.58,28.85,50.55,15.71,24,28.21,20,30,38,,,,14.5,25.82,41.61
Social and community service workers,16,22,43.75,16,21,28.98,13.5,18,30.78,13,16.6,28,15,22,30.22,17.97,32.67,58.58,15,21,32.45,16,24.13,35,15,23,29.5,15,21.05,33.1,15.72,32.47,43.83,14.3,23.46,33
Early childhood educators and assistants,15,17,28.5,14.6,18,24,11.9,14.15,22.48,14,16,20,12.15,15.5,25,13.46,22.05,30.75,12.55,17,23.08,14.25,19.75,28.57,12.85,16.05,20.56,11.5,15,22.62,16,20.82,25.56,14,20.65,25.16
Instructors of persons with disabilities,18,21.94,34.25,18,25,35,,,,,,,,,,,,,14.72,23.73,41.73,18,25,45.67,,,,,,,,,,14,26.05,32.28
Other instructors,15,21.15,33,14.6,19,34.36,11.9,18,32,14.5,17.5,26,14.5,17.5,26,,,,14.5,17.5,26,14.25,17.58,30,,,,,,,,,,15,17,30
Other religious occupations,15,21.82,41.48,,,,13.08,19.23,32.05,12.4,17.49,31.1,,,,,,,12.55,17.49,54.81,14.25,23.08,50.43,,,,,,,,,,13.1,19.94,40
Police officers (except commissioned),29,44.87,56.82,30.1,41.83,53,22,45,57,25,40,50,34.58,42.07,50.77,40.95,59.93,80.25,24.04,41.35,47.6,30.05,46.15,57.69,25.64,40.06,43.27,26.04,43.27,55,41.83,54.45,69.18,23.3,43.59,54
Firefighters,28.85,45,56,33,44.17,52,32,40.06,50,27.64,34.05,41.21,21.54,37.1,54.25,,,,20.83,31.65,41.76,28.85,43.75,53.11,,,,30,42.12,51.88,,,,22.44,35,44.22
Non-commissioned ranks of the Canadian Forces,23.96,33.6,41.9,23.63,34.57,45.28,22.34,30.33,38.32,22.13,29.84,36.57,23.5,30.32,38.45,,,,23.13,34.2,43.73,21.76,31.95,42.34,,,,23.16,31.95,46.81,,,,18.89,31.02,40.48
Home child care providers,15,15.85,21.03,14.6,14.6,22.09,12,15,23.08,11.7,15,22,12.15,15.55,37,,,,,,,14.25,15,22,,,,11.45,13.6,20,,,,13.1,13.1,25
"Home support workers, housekeepers and related occupations",15,18.65,28.85,15,19.56,24,12,15,21.76,12.91,14.1,17,15,16.44,17.3,15.3,21,36.55,12.55,17.93,21,14.25,18,25,12.85,13,23.28,13,18,25,15,22,31.8,13.1,15,22
Elementary and secondary school teacher assistants,17,21.73,28.85,19.25,24.85,28,15,21,27,19.72,25.35,28,22,23.75,26.5,20,31.16,36,12.65,18.32,23,14.25,23,30,18.31,25,30,16,21,26.99,20.68,24.89,33.02,15,21,29
Sheriffs and bailiffs,32.22,35,41.35,21.23,31.68,39.37,21.5,25.64,27.96,,,,25,27,42,,,,25,27,42,14.25,25.16,40.96,,,,21,30,37.41,,,,13.1,24.1,45.16
Correctional service officers,23.36,34.13,45.67,23,32.79,46.63,27,34,38.65,24.86,30.8,48.08,22,31.29,42.79,,,,28.85,38.46,43.59,25.06,34,42,22,27.16,28.1,19.62,33,41.21,,,,28,32.69,39.42
"By-law enforcement and other regulatory officers, n.e.c.",,,,24,32,48.35,12.08,26.34,44.41,15.35,25,34.62,15.35,25,34.62,,,,15.35,25,34.62,23.75,36.81,43.59,,,,,,,,,,18.41,28.86,44.63
Librarians,,,,15.53,32.97,43.96,,,,13.75,22.04,28.39,12.15,23,43.96,,,,,,,16,30,42.6,,,,12,23.48,42.79,,,,19.06,39.56,43.96
Conservators and curators,20.88,40.92,57.69,,,,,,,,,,,,,,,,,,,,,,,,,,,,,,,,,
Archivists,,,,,,,,,,,,,,,,,,,,,,,,,,,,,,,,,,15,21.22,28
Authors and writers,17.95,31.25,50,19.23,29.36,38.97,17.5,22.6,35.9,15,25.64,38.46,,,,,,,18.04,25.64,38.46,16,30.75,43.21,,,,17.31,28.85,38.89,,,,15,30.38,43.59
Editors,15,26.31,45.94,14.6,25.39,42.06,11.9,22.87,46.47,,,,,,,,,,,,,18,24.04,36.54,,,,,,,,,,19,28.37,43.08
Journalists,17.18,30.99,49.73,15.53,26.44,45.67,11.9,26.2,41.03,,,,,,,,,,,,,16,29,42.65,,,,14.9,25,47,,,,18,31.26,45
"Translators, terminologists and interpreters",,,,19,27.53,33.23,18.75,26,37.44,11.7,25,39.2,,,,,,,,,,16.78,26.92,47.69,,,,,,,,,,17,30,41.16
"Producers, directors, choreographers and related occupations",15,34.7,45.67,18.46,30.3,52.88,18.82,26,36.77,15.38,25,41.43,,,,,,,15.38,25,41.43,15,28.85,40.2,,,,,,,,,,18,31.25,47.12
"Conductors, composers and arrangers",,,,30748,34695,104642,,,,,,,,,,,,,,,,30085,39389,94180,,,,,,,,,,,,
Musicians and singers,,,,15,30,40,11.9,21.54,39.74,,,,,,,,,,,,,14.25,19.23,37.5,,,,,,,,,,13.6,20.33,42.31
Dancers,,,,21.31,35,44.15,,,,,,,,,,,,,,,,19,30,50,,,,,,,,,,16.88,28,52.96
Actors and comedians,,,,,,,,,,,,,,,,,,,,,,,,,,,,,,,,,,14.62,24.64,36.06
"Painters, sculptors and other visual artists",,,,20,35,50,,,,,,,,,,,,,,,,16,22.5,44.48,,,,,,,,,,15,25,41.08
Library and public archive technicians,20,24.04,30,15,22.5,27.26,13.16,24.29,33.85,,,,19.58,24,30.22,,,,15,23.5,30.22,22,26,34.41,,,,13.61,21,35,,,,18,27.33,32.53
Technical occupations related to museums and art galleries,15,20,26.15,15,20,29,12.3,15.5,34.67,14.25,16,33,12.15,19.03,31.55,,,,12.55,16.5,27.38,15,20,28.61,,,,13.15,18.5,41.01,,,,13.1,18,32
Photographers,,,,,,,14.35,18.99,29.23,,,,,,,,,,,,,14.25,18.25,28,,,,,,,,,,13.5,17.5,29
Film and video camera operators,,,,18.56,32.9,50.36,,,,,,,,,,,,,,,,16.48,29.23,38.94,,,,,,,,,,16.5,31,43
Graphic arts technicians,18.5,25.22,44.53,17,27.5,49.85,,,,,,,,,,,,,,,,15,22,34.25,,,,,,,,,,18.17,27,38.96
Broadcast technicians,16,28.9,40,,,,,,,,,,,,,,,,,,,17,26.46,40.55,,,,,,,,,,16,27.6,37.08
Audio and video recording technicians,18,28,35,21,31.65,50,17.38,27,34.32,,,,,,,,,,16.3,26.14,34,17.97,27.58,40.97,,,,,,,,,,16,27.46,40
"Other technical and co-ordinating occupations in motion pictures, broadcasting and the performing arts",18.85,28,34.5,16.5,33,53,16.29,27.27,33.8,,,,14.8,25.09,31.5,,,,18,29,40,14.25,28.23,42.83,,,,,,,,,,18,28.09,36.44
"Support occupations in motion pictures, broadcasting, photography and the performing arts",15.5,24.48,36,14.6,27,35.39,14,20.74,29.4,,,,13,19.5,30,,,,12.55,19.8,34,14.32,19.1,32.27,,,,,,,,,,15,24,35
Announcers and other broadcasters,15.7,28.94,86.81,14.6,23.27,52.77,,,,14.5,20.19,23.52,12.15,20.19,57.69,,,,12.55,20.19,57.69,14.25,25.64,44.23,,,,11.45,23.32,42.74,,,,15,24.5,51.44
"Other performers, n.e.c.",,,,,,,,,,,,,,,,,,,,,,14.25,14.25,18,,,,,,,,,,,,
Graphic designers and illustrators,19,26.55,40,17,27,43.27,13,20.19,31.5,14,19.23,33.59,14.5,21.39,34.25,,,,14.5,21.39,34.25,15,25.64,40.87,14.5,18,36.86,15,24.04,29.14,,,,16.41,27.88,40.87
Interior designers and interior decorators,15,25,35.8,19,26,34.62,15.5,24.04,39.01,13.5,19.5,35.16,,,,,,,13.5,19.5,35.16,15,20,42.8,,,,20,21,31.25,,,,15,20,40
"Theatre, fashion, exhibit and other creative designers",15,20.41,35,23,26.5,43.27,,,,,,,,,,,,,,,,15,24.5,44.62,,,,,,,,,,13.25,20.26,30
Artisans and craftspersons,15,19.5,29.21,14.6,18.5,30,,,,11.7,12.5,16.7,,,,,,,12.55,14,24.5,14.25,17.13,25,,,,,,,,,,13.1,15,24.06
"Patternmakers - textile, leather and fur products",,,,,,,,,,,,,,,,,,,,,,,,,,,,,,,,,,14.91,24.63,35.55
Athletes,17.5,22.5,40.67,,,,,,,,,,,,,,,,,,,15,22.5,46.93,,,,,,,,,,,,
Coaches,15,24.73,43.27,15,24,30,,,,11.7,15,26.44,,,,,,,12.55,15,26.44,14.25,20,38.46,,,,,,,,,,14.5,21.75,33.83
Sports officials and referees,,,,,,,,,,,,,,,,,,,,,,14.25,17,23.08,,,,,,,,,,13.1,15,20.83
"Program leaders and instructors in recreation, sport and fitness",15,18.5,38,14.6,19,30.22,11.9,15,23,11.7,13,20,12.15,14,24,,,,12.55,14,25,14.25,15.51,25.82,12.85,13,20,11.75,16.31,25,,,,13.1,15,25
Retail sales supervisors,15,20,30.29,14.6,20.76,31.25,12.5,19,28.85,12.25,17.52,26.44,12.15,16.92,26.67,,,,12.55,15.75,26.92,14.25,18.27,31.25,12.85,16,25.97,13,20,31.98,,,,13.1,17,28.75
Technical sales specialists - wholesale trade,17,31,48.08,15,24.04,40.6,14,24,40.87,12.5,20,30.77,12.75,20.19,35.1,,,,12.55,21.37,31.25,14.5,24.84,40.25,14,21.73,36.06,15.3,28.17,48.72,,,,15,23.75,40.87
Retail and wholesale buyers,16.25,28.67,45,15.38,23.08,29.28,14,21.63,31.67,14.42,21.63,29.33,15.5,21.63,28.85,,,,12.55,22.6,34.62,15,21.63,33.65,12.85,21.15,30.77,12.5,25,37.77,,,,14.6,22.6,29.5
Insurance agents and brokers,15.78,26.68,40.14,16,23.08,35.96,14.3,23.5,34.36,16.43,22.67,32.5,17.15,22.82,29.67,,,,13.2,20.24,28.85,17,25.27,35.71,14.42,20.51,31,16.56,25,40,,,,16.48,24,34
Real estate agents and salespersons,31668,47398,130309,30748,54354,139847,25061,48408,137428,24640,50332,97632,25588,61130,205038,,,,,,,30085,45586,140661,,,,24173,53162,116249,,,,27452,39562,103711
Financial sales representatives,16.88,26.67,43.59,18.67,26.67,41.03,15,24.04,35,15,22.6,31.25,15,22.45,38.46,,,,15,22.56,30.22,15,24,37.98,13.07,20,36.16,15.87,27.85,40,,,,15.71,22.93,38.5
Food service supervisors,15,16.9,24.04,14.6,15,25,11.9,14,21.54,12,13,17.31,12.15,13.48,22.15,,,,12.55,13.18,17.79,14.25,15.75,21.63,12.85,13.75,23,11.45,14,26.2,,,,13.1,14.89,21.25
Executive housekeepers,16.01,21,27.88,14.6,16.75,23.17,12,15.91,21.5,11.75,14,18.57,12.15,15,19,,,,12.55,14.5,17.02,14.25,17.5,23.87,12.85,16,17.54,11.5,15.2,21.64,,,,13.5,18.99,40.86
"Accommodation, travel, tourism and related services supervisors",19,23,26.92,17,21.54,30,14.5,20.19,33.25,,,,,,,,,,13,16,25,15.3,22,29.54,13.46,15.55,27.4,14,23.63,34.5,,,,14.62,24.73,48.08
Customer and information services supervisors,16,27,35.58,14.6,26,36.06,13.5,18,27.69,15,20.67,33.39,16.11,18.5,43.59,,,,13.75,16,25,15.87,23.5,36.41,13.75,19.23,24.04,16.25,28.27,42.5,,,,15,24.76,37.36
Cleaning supervisors,15,25,36,16.83,26.92,42.74,13.5,21,31,13.5,23.35,33.17,12.15,17.25,33.9,,,,15,20.19,28.72,14.25,24.04,36.26,15,20,28.75,14.4,23,30,,,,15,20,30
Other services supervisors,15,24,38.46,14.6,20.67,25.64,12.5,19.23,29.95,12.5,18.88,25.96,12.15,20,35.49,,,,12.55,16.83,26.62,14.75,19.2,33,12.85,16.08,24.04,13,21.73,36,,,,15.2,20,26.44
Chefs,15.2,19,29.74,14.6,17.31,25.25,11.9,14.5,26.44,11.7,16,24,12.15,16,25.64,,,,12.55,16.12,26.44,14.25,17.5,25,14,17.5,24.45,13,18.5,30.47,,,,13.1,18,25
Cooks,15,15.5,20.51,14.6,14.75,20.5,11.9,13,19.71,11.7,12.75,18,12.15,13.5,25.05,16.15,22,29.17,12.55,13,17.5,14.25,14.5,18.5,12.85,14,21.5,11.45,14.25,21.17,15.5,21,32,13.1,14,20
"Butchers, meat cutters and fishmongers - retail and wholesale",15,18,32,14.6,17,26.5,11.9,15,22,12.6,15,23,13.84,16,25.64,,,,12.55,14.5,19.82,14.25,16,27,12.85,13,18.52,13,16,24.51,,,,13.1,16,21
Bakers,15,15,23.5,14.6,15,27,11.9,12.4,20,11.7,11.7,14,12.15,13,16.95,,,,12.55,12.75,17.91,14.25,14.25,18,12.85,13.15,16,12,15,22.5,,,,13.1,14,18
Hairstylists and barbers,15,18.71,28.85,14.6,15.38,24.98,11.9,15,20.83,11.7,15,20.94,12.15,15.03,20.6,,,,12.55,13.11,18.75,14.25,15,25.3,12.85,14.5,18.52,11.45,15,25.96,,,,13.1,14.77,18.03
"Tailors, dressmakers, furriers and milliners",15,17,24,14.6,16.28,28.82,11.9,15,19.25,11.7,13.5,16.96,,,,,,,12.55,13.75,27,14.25,15,23,,,,12,15,24,,,,13.1,15,18
Shoe repairers and shoemakers,,,,,,,,,,,,,,,,,,,,,,,,,,,,,,,,,,13.1,14.5,19.38
"Jewellers, jewellery and watch repairers and related occupations",,,,,,,,,,,,,,,,,,,,,,14.25,19.27,28.12,,,,,,,,,,13.1,16,21
Upholsterers,15,17.01,27.17,14.6,19.23,33.61,,,,,,,,,,,,,,,,15,20,29,,,,,,,,,,13.1,16.22,24
Funeral directors and embalmers,20,26.44,40,14.6,22,26.5,13.75,19.23,29.26,,,,,,,,,,12.55,18.75,28.85,14.25,20.19,37.5,,,,17,25.24,32.5,,,,15,19.75,31.6
Sales and account representatives - wholesale trade (non-technical),17,30.77,46.15,14.6,25.96,42.31,15,26.44,42.31,14,21.15,34.62,13,22,34.67,,,,13,21.63,32.69,14.8,24.04,38.46,14,20.5,32.21,17.4,30,44.27,,,,14.38,23.08,36.92
Retail salespersons,15,15.24,25.38,14.6,14.63,25,11.9,12.75,22.6,11.7,12.75,20,12.15,12.7,21.5,15,16.82,24.25,12.55,12.55,20.34,14.25,14.5,23.56,12.85,13,20.35,11.45,14,25,14.25,16.5,29.9,13.1,13.1,21
Matres d'htel and hosts/hostesses,15,16,25,14.6,14.75,22,11.9,13.5,22.25,11.7,12.95,20.54,12.15,12.15,22.6,,,,12.55,14,20,14.25,14.75,21.63,12.85,13.75,20,11.45,12.53,21,,,,13.1,14,26.44
Bartenders,15,15,18.92,14.6,16,22,12,14,24,11.7,13.5,17,12.15,12.7,20,,,,12.55,13,15.95,14.25,16,25,12.85,12.85,20,11.45,14.8,20,,,,13.1,17,28
Food and beverage servers,15,16,25,14.6,15,22,11.9,13,20,11.7,13,20,12.15,13,23,,,,12.55,13,18,14.25,15,22,12.85,12.85,20,11.45,13.9,20,13.71,13.71,16,13.1,16,27
Travel counsellors,15,21.98,30.29,14.6,19,28.02,11.9,17.57,30.94,13.7,19.57,33.33,13.7,19.57,33.33,,,,13.7,19.57,33.33,14.25,19.26,26.44,12.85,20,23.08,15,18.27,25,,,,14,20,24.73
Pursers and flight attendants,15,25.35,45,14.6,26,47,14,25,43.27,,,,,,,,,,12.55,24,33.65,14.25,20.48,35,,,,,,,,,,,,
Airline ticket and service agents,15.75,20,27,14.6,16.83,27.5,13,17,27,,,,,,,,,,13.2,17.95,27.41,14.25,18,29.87,,,,,,,,,,13.1,18,27.41
"Ground and water transport ticket agents, cargo service representatives and related clerks",15,20,30.87,14.6,20.6,28.39,12.5,18.97,30.29,11.7,16.2,24.57,12.15,16.32,28.03,,,,12.55,15,28.42,14.25,17.25,27.56,,,,,,,,,,13.1,17.5,27.41
Hotel front desk clerks,15,16.35,19.23,14.6,15,22,11.9,14,20.19,11.7,14.15,21.08,12.25,14.1,17.73,,,,12.55,13,14.87,14.25,15,25,12.85,13,15.93,11.45,13.5,16.25,,,,13.1,15.5,23.55
Tour and travel guides,15,18,23.95,14.6,16.5,25,,,,11.7,13,18.2,12.15,15,24,,,,12.55,14.75,20,14.25,15,21.66,,,,,,,,,,13.1,15,21.63
Outdoor sport and recreational guides,15,18,30.4,16,20,31.25,13,15.01,21.5,12,15.54,19.2,12.5,16.66,21,,,,,,,14.25,17.5,25,,,,13.25,17.74,25,,,,13.1,15,20
Casino occupations,15,16,20,14.6,20,25,14.65,19,23,,,,,,,,,,14,18,23.5,14.25,22,27,,,,16,19,22,,,,16.25,25,30.22
Security guards and related security service occupations,15,18.75,29.93,14.6,17,32,12.5,15.25,24.85,11.7,14,23.67,12.15,15,23,16,20,23,12.55,14,22.86,14.25,16,26.8,12.85,14,24,13,16,27.6,,,,15,18,25
Customer services representatives - financial institutions,15.65,19,25.94,15,18.6,26.25,14,17,21.03,12.95,17.26,22.56,13,15.5,20.62,,,,13.68,18,23.08,14.25,18,25.9,14.6,16.25,22.56,15,19,25.64,,,,15.25,18.75,25
Other customer and information services representatives,15,21,29.5,14.6,21.15,31.25,11.9,15.91,28.85,12,15.33,24.62,12.15,17.5,28.72,,,,12.55,14.13,25,14.25,17.81,28.85,12.85,13.5,24.75,13,23,32.05,,,,13.1,19.6,29.49
"Image, social and other personal consultants",,,,,,,,,,,,,,,,,,,,,,14.25,16.71,39.22,,,,,,,,,,13.1,17.27,40.01
"Estheticians, electrologists and related occupations",15,17.31,25,14.6,15,26,11.9,14.42,18.5,11.7,15,17.5,12.5,14,25,,,,12.55,14,23.08,14.25,15,23.08,12.85,14.5,21.1,11.45,15,22.12,,,,13.1,15,22
Pet groomers and animal care workers,15,17.5,29.17,14.6,14.6,20,11.9,14.4,22.86,11.7,13,19.23,12.15,13,19.23,,,,12.55,13,15.38,14.25,14.9,20.9,,,,11.45,14,18,,,,13.1,13.1,19.47
Other personal service occupations,,,,,,,,,,,,,,,,,,,,,,14.25,16,32,,,,,,,,,,,,
Cashiers,15,15,19,14.6,14.6,20.6,11.9,11.9,15,11.7,11.7,13.5,12.15,12.15,14.25,14,16,20,12.55,12.55,13,14.25,14.25,15.87,12.85,12.85,14.83,11.45,12,18,13.71,16,25,13.1,13.1,15.33
Service station attendants,15,15,18.32,14.6,14.6,15,11.9,12,14.9,11.7,12.75,15,12.15,12.15,12.15,,,,12.55,12.55,13.05,14.25,14.25,17,,,,11.45,12.35,16.24,,,,13.1,13.1,15
"Store shelf stockers, clerks and order fillers",15,15.3,24,14.6,14.6,24.04,11.9,12.5,19.5,11.7,13,17,12.15,12.15,15,13.46,16.4,30.77,12.55,12.55,17.19,14.25,14.25,18.35,12.85,12.85,14.65,11.45,12.13,20.55,,,,13.1,13.1,16.74
Other sales related occupations,15,15,20,14.6,14.6,17,11.9,12.9,26.44,11.7,14,19.95,,,,,,,12.55,13,21.69,14.25,15,22,,,,11.45,14,28.27,,,,13.1,15,26.44
"Food counter attendants, kitchen helpers and related support occupations",15,15,19,14.6,14.6,18,11.9,12,16.08,11.7,12,16.99,12.15,12.15,20,15,17,22.5,12.55,12.55,16,14.25,14.25,18,12.85,12.85,18,11.45,12.15,19.49,14,16.63,26.87,13.1,13.1,19
"Support occupations in accommodation, travel and facilities set-up services",15,15.64,17.67,14.6,17,25,,,,,,,,,,,,,,,,14.25,16,28,,,,,,,,,,13.1,16.25,23.32
"Operators and attendants in amusement, recreation and sport",15,15,25,14.6,14.6,24.1,11.9,13.38,21.63,11.7,14,25,12.15,12.15,22.22,,,,12.55,12.55,16,14.25,14.5,22,12.85,12.85,18.76,11.45,13,23.84,,,,13.1,13.1,23
Light duty cleaners,15,16,21,14.6,16,21.82,11.9,14.2,18.1,11.7,14,18.65,12.15,15,20,15,17,24,12.55,13.45,17.39,14.25,15.2,22.5,12.85,14,19.81,11.45,15,22,14.5,18,23.79,13.1,17,20.8
Specialized cleaners,15,18,30,14.6,16,26,11.9,14,21,11.7,15,16,12.15,13,24,,,,12.55,13,17.5,14.25,15.5,24,12.85,13,17.5,12,15,27,,,,13.1,15.5,24
"Janitors, caretakers and building superintendents",15,20.67,29.5,14.6,20,29,11.9,18.5,25,11.7,16,21,12.15,19.99,22.83,17,24,32.14,12.55,17.4,24.29,14.25,20,27,12.85,17.76,22.05,11.54,18.69,27.88,17,24.85,34.41,13.1,18,25
"Dry cleaning, laundry and related occupations",15,15.25,21,14.6,17,20.7,11.9,16,19,11.7,15.99,21,12.15,15.35,20.5,,,,12.55,15.16,17,14.25,16,21.78,12.85,19,21.83,12,16,19,,,,13.1,17,19.81
"Other service support occupations, n.e.c.",15,15,19,14.6,16,21,11.9,12.25,19.52,11.7,13,17.5,12.15,12.15,19.97,,,,12.55,12.55,18.13,14.25,14.45,25,,,,12,14.01,18,,,,13.1,13.1,18
"Contractors and supervisors, machining, metal forming, shaping and erecting trades and related occupations",30,40,50,25,33.5,43.27,19.23,31,50,,,,,,,,,,,,,25,35,46,,,,25,41,60,,,,22,28.85,40
"Contractors and supervisors, electrical trades and telecommunications occupations",29.96,41.52,56,23,36.79,50.85,24.88,40.7,52.87,18.05,31,55,23.52,39.42,50,,,,18,38,53.24,18.61,35.5,51,,,,25.9,39.89,52.52,,,,21.72,40,46.73
"Contractors and supervisors, pipefitting trades",30,45,52.79,27,41.04,53.29,16,38.93,50,21.88,40,52,24.5,44.95,53,,,,28.6,45,53.87,25,46,55,,,,20.91,42.83,50,,,,34.7,41,49.41
"Contractors and supervisors, carpentry trades",23,36,45.19,22,33,40.38,18.75,31.5,40,17,25,45,18.27,27,43,,,,18,27,40,20.43,30.59,52.5,17.25,25.5,30,24,35.2,45,,,,24.04,35,45
"Contractors and supervisors, other construction trades, installers, repairers and servicers",25,35,50,20,35,48.08,21,30,42,15.38,26.44,38.5,17,26,45,,,,20,29,40,19.23,30.77,45.54,19,29,42.79,23,30,40.38,,,,20,33.33,45
Machinists and machining and tooling inspectors,22,32,40.77,25,34,41.85,20,28.35,34.7,16.75,21,26.5,15,24,35,,,,22,26.35,33.5,16.5,25,35,16.94,20,34.62,18,30,40.87,,,,16.88,24,34.33
Tool and die makers,,,,16.84,28.13,40.54,,,,,,,,,,,,,,,,19,28.75,37,,,,,,,,,,13.1,26.16,42.63
Sheet metal workers,18.63,28,40.93,19.5,27.88,39.83,18,28.5,38.1,18,26,34.79,19.85,30,42.72,,,,17,27.02,36.65,18,30,41.63,,,,19.72,30,42.33,,,,22,37.85,40.43
Boilermakers,32,43.77,47,33.11,43.35,48,36,43,48,35.25,39.82,45,34.92,40,45,,,,34.17,41,45,26,42.51,48.91,,,,39,44.1,46.69,,,,30.35,41.47,43.35
Structural metal and platework fabricators and fitters,21.22,32,41.8,20,30.22,40,16,23,29.67,16.5,23.73,36,23.5,34.46,40,,,,18.53,28,34.84,18,24.5,31.74,,,,18.2,26.59,37.25,,,,15.5,22.64,39.93
Ironworkers,25,36.33,42.85,23,33.87,42.95,19,29,39.93,23,38,43,30.11,38,42,,,,25.28,34.58,40,28.45,40,44.56,,,,25,39,42.63,,,,25,39.93,42.86
Welders and related machine operators,22,32,45.28,22,29,42.26,16,23,33.77,15,21.5,34.57,20.9,31,42.5,,,,19,28,36.03,17.85,23.5,34,15,20.76,25,20,27,43,,,,17,22.5,31
Electricians (except industrial and power system),20,36,45,16.26,28,39,18.7,35,43.81,15,25,34.5,17.95,28,42.66,19.65,28,42,17.2,26,38.12,17.31,31,45,15,22,28,18,32.6,44.25,21.5,29.75,39.5,19.8,38,40.65
Industrial electricians,18.5,38,63,29,39,48.29,22.5,36,40,16.07,26,34.52,20.77,40,51,,,,22.5,30.96,36.43,22,35,42.79,,,,28.5,40,50.56,,,,20.51,33.5,46
Power system electricians,,,,33,42,46.6,31.25,43.7,46,,,,37,40,44.37,,,,,,,28,42.22,57.13,,,,36,43.5,52.16,,,,28,40.05,50
Electrical power line and cable workers,25,42.5,56.5,34,43,54.73,21,36,50,15,35,40,21.95,40,45,,,,15.85,35,41.1,20,36,46.14,20,35,40,20,37.5,46.32,,,,26.44,38.5,44.3
Telecommunications line and cable workers,21.6,25.96,48.08,25.5,29.3,36,15.6,28,44.1,,,,13,30.7,32.97,,,,13,30.7,32.97,17,26.44,40,,,,,,,,,,17,27,37
Telecommunications installation and repair workers,20.44,30,36.06,15.71,29.57,35,19,32,36,20.56,32.69,38.46,18.5,31,33,,,,20,31,32.97,16.83,25,39,,,,18,34,38.73,,,,17,28,40
Cable television service and maintenance technicians,20,33.11,49.19,20,34,42.31,,,,,,,,,,,,,,,,18,24,40,,,,,,,,,,,,
Plumbers,18.26,32,43.25,15,30,39.86,17,29.5,40,17,24,29.75,18,25.66,36,,,,12.55,22,30.22,17,30,44,13,25,32.22,18,30,39,21.55,25.5,36,20,36,40
"Steamfitters, pipefitters and sprinkler system installers",26,42,45.91,22,38,45.67,20.42,38.19,45.15,22.9,39.49,45.04,26,39.59,45.54,,,,22.84,39.22,47.55,24.35,40.96,47.14,,,,26.13,42,45.05,,,,20.65,39.59,43
Gas fitters,27,40,48.83,25,33,43,21.61,35.64,47.82,23,27,35,,,,,,,23,27,35,18,28,37.29,,,,25,36,43,,,,16.75,32.5,44
Carpenters,19,28,38,19.45,27.5,35,15,23,35,15,19.5,27.5,16,23,36,20.9,28,38.25,14,20.67,33.63,17,25,37.5,15,19,24,18.18,25,35.5,21.5,28.77,36,18,30,39.1
Cabinetmakers,16.5,22.5,30,17,22,30,15,20,26,14.5,18,21,,,,,,,,,,15.5,21,28,,,,,,,,,,15.5,18,35
Bricklayers,26,37.5,46.15,24,34,45.28,22,36.15,38.52,18,26,45.45,24,35,43.28,,,,18,26,40,21,34,41.9,18,27,33.06,26,36.07,42.44,,,,23,36,39.58
Concrete finishers,23.45,30,35,22,29.5,36.08,18,25.42,33.37,16,20,25,20,34.98,42.66,,,,17.33,22,25.5,20,30.3,38.54,,,,20,25,33,,,,24.57,32.95,38.77
Tilesetters,19,25,35,17,25,35,,,,,,,,,,,,,,,,19,30.52,38.74,,,,,,,,,,21.75,33.01,40
"Plasterers, drywall installers and finishers and lathers",20,26.37,36.46,19,27,34.39,17,25,30.5,18,24.48,27,19,24,33,,,,20,29.15,35.45,20,31.58,41.48,,,,18,25,32,,,,22.61,34.25,39.1
Roofers and shinglers,20,25,35,19.48,26,34,17,23,32.36,16,20,28.25,17,21,28.92,,,,16,20,28,18,24,35,15,18,25,18,24,31.51,,,,21.5,30,40
Glaziers,19.94,25,34,18,26,34.09,14.92,23.25,31.45,15,19.52,26,,,,,,,14.42,21,30.13,17,27.5,38.34,,,,16.75,22,28,,,,20,32.27,39.69
Insulators,21.34,34.14,42.68,20,31.42,41.87,19.6,32.68,35.68,18,27,35.68,25,38,48.16,,,,17.6,33,42.68,18,33.66,41.93,,,,21,33.83,41.97,,,,17,28.5,32.87
Painters and decorators (except interior decorators),18,25,34,17,23.5,30,15,22,27,15,18,25,16,20,35,,,,15,18.2,29.47,16.25,21,30,13,17,25,16,22.63,30.64,,,,20,31.71,37.66
Floor covering installers,16,25,25,16,21,31.5,15,21.5,32.5,14.29,18.57,25,14,17.44,27,,,,14,17.44,27,14.25,21.25,35.35,,,,,,,,,,16,24,36.84
"Contractors and supervisors, mechanic trades",24.23,39.42,55.94,24,37,52.66,19.23,32.65,49.83,15,26,32.21,23,27.6,46,,,,14,26,38.46,16.83,33,48,17,24,33.55,21,35.82,58,,,,19,28.35,48
"Contractors and supervisors, heavy equipment operator crews",25.64,39,52.88,22.12,35,50,23.5,32,43.27,18,25,38,22,30,47.12,,,,15,25.6,31.25,20,35,53.42,16,21.44,30.84,25,33.66,50,,,,19.33,34,50
"Supervisors, printing and related occupations",,,,14.6,25.93,43.76,,,,,,,,,,,,,,,,18.5,28.85,43.96,,,,,,,,,,17,24.04,35.9
"Supervisors, railway transport operations",20,38.46,68,,,,31.25,40.87,50.99,,,,,,,,,,,,,27,36.77,42,,,,,,,,,,,,
"Supervisors, motor transport and other ground transit operators",21.15,32.69,47,15.38,25.7,46.15,14.5,28.85,42,17.53,25.15,31.19,,,,,,,17.53,27.19,48.08,16.88,25.48,44.62,,,,17,25,41.83,,,,15.9,25,45.67
Construction millwrights and industrial mechanics,23,40,57,21.62,33,44.88,18,27.5,42.79,16.9,27.5,38.68,18.21,35,47,,,,14.5,26,35,19,30,41,15,23,28.5,20,38.38,50.91,,,,19.83,27,38.25
Heavy-duty equipment mechanics,25,38.46,52.88,24.04,38,48,20,30.05,43,16.5,26,40,18,30,45,,,,16,26,39,18,30,43,15,23,35,21.45,34,45,,,,18.75,27.4,41.16
Refrigeration and air conditioning mechanics,20,36,48,17.41,32,48,18,30,43,16,26,39.35,17,26,40,,,,17,26,42.5,17,32,49.29,17,26,40,20,35,53.01,,,,24,35,42.5
Railway carmen/women,35,37,41,30.93,34.52,40,17.5,38,40,,,,,,,,,,,,,23,33.37,39,,,,26.69,31,38,,,,23.8,35.42,54.09
Aircraft mechanics and aircraft inspectors,17.39,31.25,41,16,30,43.59,16,29.35,45.19,17.31,27.58,48,12.15,25.44,50,,,,17.31,27.58,48,17.5,34,48,19,20.76,25,17.31,36,46,,,,15,25,41.54
Machine fitters,,,,,,,,,,,,,,,,,,,,,,15.87,27.89,45.69,,,,,,,,,,15.45,34.58,46.34
Elevator constructors and mechanics,25.67,48.12,72.36,28.77,49.17,69.62,,,,,,,,,,,,,,,,15,37.93,54,,,,,,,,,,24.25,37,44.21
"Automotive service technicians, truck and bus mechanics and mechanical repairers",19,32,44.17,15.38,28,41.35,13.75,22,34.5,14.5,20,26,15,26,36.13,14.56,37.73,52.29,13.5,22,32,15,24.04,37,13,18,24,16,30,39.7,,,,15,23.3,33.19
Motor vehicle body repairers,19.23,28,40,16.75,25.48,40,15,21.43,32,15,19,30,16,26.5,36.5,,,,17.25,23,36.06,14.25,20,33.78,16.24,20,26.47,18,24,38,,,,14.75,22.5,33.5
Oil and solid fuel heating mechanics,19.5,28.45,37.5,,,,,,,,,,16.25,22.5,32.16,,,,16,22,33,16,23,33.98,,,,,,,,,,15,21,35.01
Appliance servicers and repairers,17,25,37.79,14.6,23.84,42.05,,,,19,21.25,50,,,,,,,19,21.25,50,15,20,30,,,,,,,,,,13.1,19,26.5
Electrical mechanics,15,40.79,67.2,18.24,39.66,62.18,,,,,,,,,,,,,,,,16.6,31.8,52.01,,,,,,,,,,19.62,25,35
"Motorcycle, all-terrain vehicle and other related mechanics",,,,15,28,35,,,,16,21,29.53,,,,,,,16,21,29.53,23,30,37.98,,,,14.5,25.38,30,,,,17,20,42
Other small engine and small equipment repairers,15,26.59,36.11,20,27,33,11.9,21,24.5,,,,13.63,20,25.21,,,,12.55,16,24,14.25,21,26.5,,,,18,22,25,,,,16.75,19,24
Railway and yard locomotive engineers,29,40,50,30.52,40.13,60.1,20,35.58,43.27,,,,,,,,,,,,,19.25,37.82,57.69,,,,17.1,33,53.85,,,,26.81,35,52.88
Railway conductors and brakemen/women,24,34.34,38.75,22,34,41.35,18.5,29,38.46,,,,,,,,,,,,,22.5,37.5,42.31,,,,19,32.36,46.15,,,,21,35.57,44.56
Crane operators,20.19,38,46,22,31.5,41.08,16.85,25.65,40.33,16.5,28.85,38.78,27,30,40,,,,,,,24,30,45,,,,25,34.72,42,,,,20,31.67,46.23
"Drillers and blasters - surface mining, quarrying and construction",22,30,40.8,27,33.46,39.81,19,28,33,18.72,29,36,22.53,29,36.24,,,,16,26.52,35.82,20,29,37.5,,,,20,30,42,,,,21.31,31.71,40
Water well drillers,,,,,,,,,,,,,,,,,,,,,,15.5,21,28,,,,,,,,,,19,25,34.45
Printing press operators,16.5,24.18,34.95,16,24,37.94,14,19.12,26.25,14.25,23.9,36.1,14.25,23.9,36.1,,,,14.55,24,36.1,16,21.63,32,,,,,,,,,,14,23,37.39
"Other trades and related occupations, n.e.c.",21,28.43,43.14,18,28,42,,,,20,22.5,25,18,22.5,30,,,,18,22.5,30,16,24,33.65,,,,13.5,25,40,,,,14,20.8,40
Residential and commercial installers and servicers,18.5,26,37,16,22,35,15.3,22,31,14.45,19.5,30,16,20,25,,,,13.62,19,30,16,21,33,14,19,25.84,17.5,25,34,,,,14,20.5,33.19
Waterworks and gas maintenance workers,20,34.86,48,19.22,31.31,45.87,12.12,27.15,46.2,,,,,,,,,,,,,24,33.65,41.7,,,,22,29.96,41,,,,17.02,29.63,52.28
Pest controllers and fumigators,15,29.23,42.83,14.6,23.7,35.48,,,,,,,,,,,,,,,,16,21.63,35.58,,,,,,,,,,13.1,19.48,33.08
Other repairers and servicers,15,24,36.06,15,19,26,14,20,38,13.5,18.7,36.39,,,,,,,13,18.7,36.39,14.25,20,35.8,15,22,25,17,27.45,32.25,,,,13.1,17.25,29
Longshore workers,,,,25,42,47.32,,,,16,26,40.15,16,24.64,27,,,,16,26,40.15,,,,,,,,,,,,,19,30,36.7
Material handlers,15,21,32,14.6,18,33,12,17.5,27,11.75,16,23.92,12.15,16.25,25,16,22,32.92,12.55,16.5,26,14.25,17.55,26.3,12.85,15,23.08,13.46,19,28.09,,,,13.1,17.42,26.86
Transport truck drivers,18,27,38.06,16.15,26,36,15,21.5,31.73,13.57,18.98,28.13,14,21.06,33.84,25,28,31.75,13.75,20,27.24,15.73,21.98,30.77,13.33,18.49,26.67,16.72,25,35,25,29.56,33,15,20.22,28
"Bus drivers, subway operators and other transit operators",15.38,24,36.3,16.32,27,32.63,12.75,21.81,28.15,15,20,24.04,12.15,20,27.6,20.58,24,27.36,15,22.52,27,14.25,19.23,34,15,21,23.5,13,19.76,27.38,18.5,24.6,28.64,14.1,23.14,31
Taxi and limousine drivers and chauffeurs,15,16.67,23.08,14.6,16.25,23.08,11.9,11.9,19.98,11.7,13.5,20,,,,,,,12.55,15.38,28,14.25,16.5,29,,,,11.45,14.42,25,,,,13.1,13.5,27
Delivery and courier service drivers,15,20,30.78,14.6,16.67,28,11.9,14.5,25.71,11.7,14,25,12.15,14,26,20,24.5,30,12.55,14,26,14.25,18.51,30,12.85,14,26,11.45,17,29,,,,13.1,15,29.6
Heavy equipment operators (except crane),20,30,37,23.5,31,38.34,18,24,31.5,17,20.8,30,19,25,34.58,24.65,28.73,36,17,21.67,32,18.5,25.55,37.36,15.92,18.05,24,20,26.19,36,25,30,35,19,29,38.5
Public works maintenance equipment operators and related workers,17,30,35,20,28,32.56,18,23,30.5,16.5,18.9,29,20,24.74,32,,,,12.55,20,24.43,18,23,31,12.85,19.5,23,17.95,25,29,,,,17,23,30.47
Railway yard and track maintenance workers,27.4,32,34.95,28,35,37,20,32,38.05,,,,,,,,,,,,,20,28,35,,,,23.32,32,35,,,,16,27.63,36.23
Water transport deck and engine room crew,,,,21.5,28,31.47,,,,15,18.95,26.59,13.89,26,33.65,,,,13.74,25,30,15,26.75,30.5,16,22,28,,,,,,,19.19,21.64,27
Boat and cable ferry operators and related occupations,,,,19,25.97,35,,,,18,18.63,26,14.18,20.75,36.16,,,,14,20.81,27.87,16.86,23.87,27.81,,,,,,,,,,16,22,28.9
Air transport ramp attendants,17.85,22,27,14.6,18.5,35,15,19,31.73,,,,13,20.86,41.27,,,,12.55,16.25,29.63,15,19,26,,,,,,,,,,13.5,18.5,26.92
Other automotive mechanical installers and servicers,15,19,32.45,14.6,17.75,27,11.9,17.4,28.88,11.75,16,21.4,12.15,15.5,25.2,,,,12.55,15,19,14.25,17.55,30,,,,12,16,26.75,,,,13.1,16,23
Construction trades helpers and labourers,15,22,35,14.6,20,30,14,20,28.5,13,16,22,15,20,34.12,18,22.5,28,12.55,17,29.28,14.5,21,36,12.85,17,21,15,20,30,19.38,24.75,29.97,15,25,34
Other trades helpers and labourers,17,22,32,15,21,32.61,14,19,32.54,13.07,16.75,22.44,13,18,33.96,,,,13,17,24.78,14.25,19,32.7,,,,15,21.13,30.63,,,,14,19.8,33.05
Public works and maintenance labourers,17,26,36,15,26.5,35,12.5,19.79,28,13,17,26.5,12.15,20,28,18,22,30,12.55,19,25,16,25.13,33.4,12.85,17.5,20,15.5,23,27.88,16,25.75,31.13,20,25,33
Railway and motor transport labourers,16,21,29,15,20.95,30.03,14,19,28,12.05,16.5,24.85,12.15,17.5,29,,,,12.55,14.6,21.83,14.25,18.49,28.75,,,,15,20.9,29.93,,,,13.12,17.15,28.8
"Supervisors, logging and forestry",25,37.61,43.75,22.12,36,47,,,,,,,,,,,,,,,,19,26,39,,,,,,,,,,18,22.44,30.27
"Supervisors, mining and quarrying",34,42.9,62.5,18,42,52.88,27.47,38.46,47,,,,,,,,,,12.55,30,46.15,19,35,56.25,,,,25,47.75,60.1,,,,22,43.75,59
"Contractors and supervisors, oil and gas drilling and services",23.81,45,65.13,17,33.65,61.54,,,,17,29,50,22,34.5,60,,,,,,,25,34.5,46,,,,21.59,38,61.54,,,,,,
Underground production and development miners,22.19,39.05,41.86,25,36,42,20,33.69,44,15.15,28.1,42,23,31,42,,,,22,25,35,21.15,32.5,45,,,,25,42.5,50,,,,21,35.73,55
"Oil and gas well drillers, servicers, testers and related workers",24,39.12,62.58,22.91,40,42.8,15,32,57,14.42,32,58.7,20.98,32,60.44,,,,,,,18,28,42,,,,23,36.92,50,,,,,,
Logging machinery operators,20.51,30,40.87,27,32,40,16,25,29.5,17,20,26,17.2,25,35,,,,14,19,25,22.02,26,30.65,,,,21,27,31,,,,17.86,24,29.5
"Agricultural service contractors, farm supervisors and specialized livestock workers",16,20,27,14.6,18.5,30,14.6,21.15,33.33,13,17,22,,,,,,,12.55,16,23.5,14.25,20,37.98,14.5,17.43,31.25,14.42,20.69,36,,,,13.1,17.5,27.4
"Contractors and supervisors, landscaping, grounds maintenance and horticulture services",20,26.41,47.75,15,25,41.67,15.38,23,27.85,12,15.73,21,14,19,33,,,,12.55,17.25,23.5,16.02,25.5,38.46,14,17.25,20.71,15,22,30.02,,,,15,20,32.17
Fishing masters and officers,,,,,,,,,,,,,,,,,,,,,,,,,,,,,,,,,,,,
Fishermen/women,,,,19.3,35,100,13,22.5,53,14.1,20,80,20,37,100,,,,15,30,100,15,25.4,50,14,20.83,100,,,,,,,14,20,79.17
Underground mine service and support workers,,,,26.98,35.35,42.5,35,37,46,,,,,,,,,,,,,14.25,28.25,37,,,,,,,,,,17,32.16,45
Oil and gas well drilling and related workers and services operators,16,32,40,30,36,38,25,32,36.7,18.5,31,38.02,22.33,32,38.02,,,,20,33,44.5,20,28.12,37,,,,25,33,43.75,,,,,,
Chain saw and skidder operators,21,25.51,32,20,30,36.82,11.9,20,26,14,20,28,14,20.9,35,,,,12.55,20,25,17.45,23.25,30,,,,15,25,34,,,,16,22.22,29
Silviculture and forestry workers,17,20,26.12,18,21.84,33.06,14,18.19,26.79,15,20,27.39,18,20.5,27.46,21.42,28.08,33,16,20.68,25,16.91,21.84,28,,,,12.5,15.96,24.33,23,26.79,35,17,21.52,30.78
General farm workers,15,20,30.59,14.6,17.31,30,11.9,18,26.25,11.7,16,22.11,12.4,16.5,25,,,,12.55,15,19,14.25,16.5,28,12.85,15,20,12.69,21,30.29,,,,13.1,16,22.5
Nursery and greenhouse workers,15,16,32.17,14.6,17,29.33,11.9,12.5,20,11.7,15,20.9,12.15,12.25,15,,,,12.55,13.15,20,14.25,16,29.06,12.85,15,25,11.45,15.25,23.8,,,,13.1,14.9,20
Fishing vessel deckhands,,,,19.65,30.5,50,,,,14.1,18,30,15,30,100,,,,15,20.82,50,,,,15,17,25,,,,,,,14,17.85,36.32
Trappers and hunters,,,,,,,,,,,,,,,,,,,,,,,,,,,,,,,,,,,,
Harvesting labourers,15,17,20,14.6,14.6,28,11.99,17,22.5,11.75,15,20,12.15,14.65,16.5,,,,12.55,14,15.5,14.25,14.6,20,12.85,14,19.71,15,22.25,28,,,,13.1,14,19.75
Landscaping and grounds maintenance labourers,15,20,31,14.6,20,30.65,11.9,16,23.56,11.7,15,21.58,12.15,14,26.47,17,22.5,30,12.55,16,21.43,14.25,17,25,12.85,15,20.3,12,17,26,15,26.72,30.63,13.1,16,24.6
Aquaculture and marine harvest labourers,,,,15,18.56,34,,,,14.5,18,25.96,14.56,17.14,26.92,,,,13,17.17,31.01,,,,13.65,16.25,24,,,,,,,,,
Mine labourers,18.18,25.88,35.9,18,26,35,27.29,32.7,37.5,,,,18.36,28,39.85,,,,,,,17,24,35.28,,,,23.5,36,47.75,,,,18,25,37.2
"Oil and gas drilling, servicing and related labourers",18.46,27,32.5,21,28,32,20,29,34.76,15,22,32.89,16,25.7,34,,,,18,29,35,17,27.5,32.71,16.25,25.51,32,19.85,26.5,35,,,,,,
Logging and forestry labourers,17,22,33,16,28,40,13,18.42,30,13.41,17,24.12,14,19,25.85,,,,13,16.5,25,15,21.02,35,13.5,17,36,14,20,33.5,,,,15,23.83,40
"Supervisors, mineral and metal processing",27.88,35.2,51.44,22,35.28,48.08,17.08,27.88,48.08,16,27.5,39,,,,,,,15,25,30,18.25,31.25,45,,,,,,,,,,19.5,27.4,50
"Supervisors, petroleum, gas and chemical processing and utilities",21,44.89,64.1,19.25,32.69,56.41,,,,17.75,34.62,50,,,,,,,25.6,37,50,17.5,29.75,53.42,,,,15,38.75,57,,,,18,33.65,52.88
"Supervisors, food, beverage and associated products processing",16.67,25,43.27,17.25,26.92,40.87,18,22.1,33,15,19.98,32.69,13.46,18,26.44,,,,13,20,36.2,16.5,25,36.67,14,20,32,14.42,20,37.5,,,,14,20,35
"Supervisors, plastic and rubber products manufacturing",19.85,31.76,56.72,15.5,25,46.39,,,,,,,,,,,,,,,,17,26.5,39.77,,,,,,,,,,18.75,24.04,38.46
"Supervisors, forest products processing",21,33,55,22,37,52.5,15.85,28.85,50,17.04,26,37.98,,,,,,,,,,14.9,32,46.33,,,,,,,,,,18,28,45.41
"Supervisors, textile, fabric, fur and leather products processing and manufacturing",18.22,18.22,28.32,,,,14,20,20.5,,,,,,,,,,,,,16,20,25.5,,,,,,,,,,13.1,17,26.13
"Supervisors, motor vehicle assembling",,,,,,,23.42,30.53,40,,,,,,,,,,,,,21.6,32.69,45,,,,,,,,,,,,
"Supervisors, electronics manufacturing",,,,,,,,,,,,,,,,,,,,,,16,25,38,,,,,,,,,,15,28.85,56.41
"Supervisors, electrical products manufacturing",,,,,,,,,,,,,,,,,,,,,,23,32,40.87,,,,,,,,,,15.67,27.24,44.69
"Supervisors, furniture and fixtures manufacturing",,,,23,30,36.5,14.45,21,36.06,,,,,,,,,,,,,20.5,28.85,35,,,,,,,,,,13.1,22,25.23
"Supervisors, other mechanical and metal products manufacturing",24,42,52.98,24.62,40,55,20,28,36.06,,,,,,,,,,15.73,33,46.15,17.4,29.5,43.28,,,,22.78,31.5,45.19,,,,20,27.5,42
"Supervisors, other products manufacturing and assembly",,,,20,27.78,38.75,,,,16,23.08,33,,,,,,,,,,19.75,22,36.63,,,,,,,,,,20.6,27.88,33.73
"Central control and process operators, mineral and metal processing",,,,35,38.5,40,24,32,35,,,,32.77,33.55,40,,,,,,,21,30,43.27,,,,35,41.03,49.5,,,,22.02,32,50.37
"Petroleum, gas and chemical process operators",29.48,45.67,65,20,40,54.78,15,37.2,52.08,,,,17.32,30,60,,,,,,,17,33.65,56.25,,,,25,44.5,56,,,,,,
"Pulping, papermaking and coating control operators",28,39,42.74,33,35.42,42,,,,15.28,28,45,,,,,,,,,,14.78,28.06,43.49,,,,,,,,,,20,34.7,38.46
Power engineers and power systems operators,26.07,45,63,27.2,38.12,57,25.27,37.2,49.7,18.75,25.98,43,20.5,32,45,,,,15,32.5,43,23.08,41,58,21,25,43.27,23.57,44.58,58.5,,,,17,27,52
Water and waste treatment plant operators,30,38,48,18.99,32.24,37,21,25.35,43.27,15,25,31.42,15,25,31.42,,,,15,25,30.59,22,28,38,,,,22.5,27.6,34,,,,18,30,34.75
"Machine operators, mineral and metal processing",20.02,38.33,58.36,28,36,43.16,15.7,26,33,14,25,31.22,,,,,,,,,,16,24,33,,,,19.85,35,48.47,,,,19.95,36,45
Foundry workers,,,,,,,14.89,23,25.4,,,,,,,,,,,,,15,19.01,26.75,,,,,,,,,,15,21,35
Glass forming and finishing machine operators and glass cutters,,,,14.6,18,22.52,,,,,,,,,,,,,,,,15,17.51,23.48,,,,,,,,,,15,21,25.41
"Concrete, clay and stone forming operators",19,25,32.6,16.5,24.2,32.06,16.25,23,28.5,14,20,25,17,25,32.5,,,,14.5,20,28,16,22,31.79,,,,18,24,30.67,,,,16,21.69,30
"Inspectors and testers, mineral and metal processing",21,27.68,37.4,,,,,,,,,,,,,,,,,,,15,21.01,29.9,,,,,,,,,,16.3,22,34.68
Metalworking and forging machine operators,16.8,25,35,17,25,33.5,14.8,18.4,25,14.24,21,42,,,,,,,14.24,21,42,15,19,27.4,,,,18.5,24.5,32,,,,15,19.25,27
Machining tool operators,20,27.69,42,16,20,37.5,16,22,31.85,,,,,,,,,,,,,17,21.5,30,,,,,,,,,,17,21,29
Other metal products machine operators,17,19,33.9,14.6,21,30,15.3,20,29,,,,,,,,,,,,,15.5,20,33.65,,,,,,,,,,13.35,16.25,21
Chemical plant machine operators,22.5,30,48.32,14.6,21.25,24,12,18.64,26.6,,,,,,,,,,,,,14.25,22,30,12.85,19.71,23,,,,,,,13.1,23.3,34
Plastics processing machine operators,16.5,20.12,43.27,14.6,16.64,26,12.79,16.5,25,13,17,26.2,,,,,,,14,19.19,26.2,14.25,19.18,25.75,,,,,,,,,,13.1,19,23.5
Rubber processing machine operators and related workers,17.99,27.65,36.69,18,21.79,27.5,,,,,,,,,,,,,14,25,31.3,17,21.97,35.64,,,,,,,,,,13.95,20,27.05
Sawmill machine operators,24.04,29,33.81,15,29,38,,,,15,17.73,23.57,,,,,,,15,17.73,23.57,15,24,27.69,,,,,,,,,,15,21.8,26.5
Pulp mill machine operators,23,45,50,25,34,43,,,,14.5,30,37.3,,,,,,,,,,,,,,,,,,,,,,14,26.5,36
Papermaking and finishing machine operators,,,,19,30.8,40,,,,23.08,30,40,,,,,,,,,,15,19.5,28.29,,,,,,,,,,16,30,38
Other wood processing machine operators,18,29.13,29.5,18.5,31,34,,,,11.7,20,21.21,,,,,,,12.55,20,24,15,18,25,,,,,,,,,,15,21.5,26.48
Paper converting machine operators,,,,,,,14.5,19,23,14.5,22.53,32.8,,,,,,,12.75,21.85,32.4,17,24.43,31.5,,,,,,,,,,13.1,19.5,28
Lumber graders and other wood processing inspectors and graders,24.99,34.95,36.12,18.5,30.54,35,,,,18,20.67,28.21,,,,,,,,,,15.85,20.03,30.91,,,,,,,,,,13.1,20,28.99
Woodworking machine operators,18.13,21,25.13,15,21,31.51,14,19,24,13.33,17,29,,,,,,,,,,15,18.5,27,,,,,,,,,,13.1,19,24.2
"Textile fibre and yarn, hide and pelt processing machine operators and workers",15,17.5,20,14.6,17.9,24.56,,,,,,,,,,,,,,,,14.25,15,25.3,,,,,,,,,,13.1,16.6,22.72
"Weavers, knitters and other fabric making occupations",,,,,,,,,,,,,,,,,,,,,,14.25,15.99,19.81,,,,,,,,,,13.1,16.41,23.16
"Fabric, fur and leather cutters",,,,,,,,,,,,,,,,,,,,,,14.25,16.85,22,,,,,,,,,,13.1,16,21.34
Industrial sewing machine operators,15,15,22,14.6,16,21.63,11.9,11.9,16.75,,,,,,,,,,12.55,15,20,14.25,15,21.63,,,,11.45,15,19.71,,,,13.1,13.1,22.3
"Inspectors and graders, textile, fabric, fur and leather products manufacturing",,,,14.6,14.6,19,,,,,,,,,,,,,,,,14.25,14.5,20.55,,,,,,,,,,13.1,14.67,21.85
"Process control and machine operators, food, beverage and associated products processing",17,23,34.79,14.6,17,27,13,17,25.48,11.7,15.05,21,12.15,18,28,,,,12.55,14,22,14.25,18.52,28.03,13,17.25,22,12.25,24.04,36,,,,13.1,18.5,29
"Industrial butchers and meat cutters, poultry preparers and related workers",17,20,25,15,20,23.75,15,18.05,21,,,,13,19.45,20.87,,,,,,,14.25,18,23.44,14,16,18,15,18.76,29,,,,14.5,19.8,21.5
Fish and seafood plant workers,,,,14.6,16,20.61,13.5,18,20,12.5,14,16,13.25,14.7,16.67,,,,12.55,13.5,17,14.25,20,30,12.98,13.25,15,,,,,,,13.19,15.16,17.05
"Testers and graders, food, beverage and associated products processing",,,,14.6,20,35.76,17,19.35,25,14,17.06,22.6,,,,,,,13,18.56,26,15,22.5,43.27,12.85,15.05,19.1,,,,,,,15.75,23,29.3
Plateless printing equipment operators,15.24,18.88,31,,,,14.5,18,28,,,,,,,,,,,,,14.25,18.32,30,,,,,,,,,,17,25,27.06
"Camera, platemaking and other prepress occupations",20,28.26,31.63,15.38,21.68,34.71,,,,,,,,,,,,,,,,15.41,24.61,37.95,,,,,,,,,,13.1,17.5,26.55
Binding and finishing machine operators,15,19.27,30.69,14.6,19.42,30.84,11.9,15.5,21.2,,,,,,,,,,,,,14.25,17.5,25,,,,,,,,,,13.1,20.4,24.41
Photographic and film processors,,,,,,,,,,,,,,,,,,,,,,14.25,16.85,29,,,,,,,,,,13.1,16.25,33.01
Aircraft assemblers and aircraft assembly inspectors,,,,,,,20.5,28,34,,,,,,,,,,14.63,24,40.87,18.8,28,38.9,19,22,27,,,,,,,17.5,35,40
"Motor vehicle assemblers, inspectors and testers",15,24.36,40.71,14.6,20.92,32.9,23,25,29,,,,,,,,,,,,,17,24.95,35,,,,,,,,,,19.57,21.63,26
"Electronics assemblers, fabricators, inspectors and testers",15,18.48,29.27,15.5,17.5,21.35,11.9,14.75,29.5,,,,,,,,,,14,17.5,22.5,14.25,18,35,,,,18,22,36.06,,,,13.1,16.5,29.5
"Assemblers and inspectors, electrical appliance, apparatus and equipment manufacturing",15,19.46,28.86,14.6,20.38,41.12,,,,,,,,,,,,,,,,16,17.66,27,,,,,,,,,,14.87,20.5,27.83
"Assemblers, fabricators and inspectors, industrial electrical motors and transformers",17.5,22.37,39.8,15,20,35,13.1,16.01,23,,,,,,,,,,,,,14.5,20,27,,,,,,,,,,14,18.39,29.81
Mechanical assemblers and inspectors,18,21,40,17,27,31.5,14.25,20,27.88,,,,,,,,,,,,,15,23,30.9,,,,17,23,29.65,,,,15.1,19.15,28.38
"Machine operators and inspectors, electrical apparatus manufacturing",15,20.7,30,14.6,18.8,28,,,,,,,,,,,,,,,,14.55,18,24.85,,,,,,,,,,13.1,17.82,26.39
Boat assemblers and inspectors,,,,14.6,24.18,42.87,,,,,,,,,,,,,12.55,21.71,38.28,14.25,18.25,32.8,,,,,,,,,,15.05,19.18,25.57
Furniture and fixture assemblers and inspectors,17,20,35,14.6,18.4,25,12.5,15.91,19.65,12.75,16,27,,,,,,,,,,14.5,18.5,25.64,,,,11.45,20,25,,,,14,17.75,23.25
Other wood products assemblers and inspectors,17,21,30,16,19.25,25.5,12,15.48,21.5,14,16,31,13.5,16.8,20.37,,,,14,17,27,14.25,18,28,,,,15,18.7,25.21,,,,13.1,16.83,22
Furniture finishers and refinishers,15,21.66,31.39,15.5,20,27,,,,,,,,,,,,,,,,15,17,20,,,,,,,,,,13.1,17,21.15
"Plastic products assemblers, finishers and inspectors",,,,14.6,19.3,30.44,13,17.21,24,15,18,26.3,,,,,,,13.8,18,25.5,14.25,20,25,,,,,,,,,,13.24,17,24
"Industrial painters, coaters and metal finishing process operators",19,26,34,16.5,27,42,17,22,29,14.82,20,23.6,14.19,30,65,,,,15.65,24.56,34,16,20.53,32.75,,,,16.5,24,30.75,,,,15,21,27
"Other products assemblers, finishers and inspectors",15.5,20,31,14.6,16,31.46,13.15,18.5,27,13.88,16.5,30,14,17.17,25,,,,14,17.17,25,14.25,17.5,30,,,,,,,,,,13.1,16.83,24.06
Labourers in mineral and metal processing,17.87,23,33.24,15,22,35.21,14.5,21.5,34.5,14,21.71,28,15,22.5,33.62,,,,14,18.3,32.54,15,20.17,30,,,,15,24,37.22,,,,15,20.92,40.25
Labourers in metal fabrication,18,23.2,32.29,16,21,30,12.8,18,25.67,12,16,22,,,,,,,12.55,17.29,22.6,14.25,17.78,26,14,17.75,26,14.75,20,31,,,,14,16,23
Labourers in chemical products processing and utilities,18,25,33.61,15.73,21.22,34.29,13.89,18,25,13.65,18.18,27.85,13,22.91,30.21,,,,12.73,20.47,33,15,20.25,35.12,,,,15,22.94,31.24,,,,14,19.34,32.89
"Labourers in wood, pulp and paper processing",15,23,31.5,15,28,32.66,12.99,15,25.97,13,17.95,22.5,,,,,,,,,,14.25,17.25,27.75,,,,,,,,,,13.1,19,30
Labourers in rubber and plastic products manufacturing,15,18,25.88,14.6,17.69,25.1,15,21,31,12.69,15,20,,,,,,,12.55,18.03,27,14.25,17,23,,,,,,,,,,13.1,17.4,22.5
Labourers in textile processing,,,,,,,,,,,,,,,,,,,,,,14.25,14.25,17,,,,,,,,,,13.1,15,21.07
"Labourers in food, beverage and associated products processing",15,19.9,25,14.6,16,27.16,12.3,16.65,20.67,11.75,15,18.25,12.15,16.29,21,,,,12.55,16.29,21,14.25,16.5,23,12.85,17.1,20,12.45,17,32.39,,,,13.1,15,21.68
Labourers in fish and seafood processing,,,,14.6,15,19.5,13.24,18,21.72,12.5,14.79,18,12.87,15,17.17,,,,12.55,14.86,18,14.25,16,23.8,12.9,13.9,17,,,,,,,13.1,15,17.35
"Other labourers in processing, manufacturing and utilities",15,18.5,26,14.6,15.85,28.98,11.9,15,19.65,12.5,15,19,12.15,15.84,24,,,,12.55,15,19,14.25,15,22.73,12.85,15,19,12.11,18,19,,,,13.1,15,22